-- BioCoda seed: generated by packages/db/src/seed.ts. Do not edit by hand.
BEGIN;

INSERT INTO tenant (id, name, type) VALUES
('rb-natural-trust', 'Natural Trust Responsible Body', 'responsible_body'),
('lpa-downshire', 'Downshire County Council', 'lpa'),
('dev-greenfield', 'Greenfield Developments Ltd', 'developer');

INSERT INTO app_user (id, tenant_id, role, name, email) VALUES
('user-rb-1', 'rb-natural-trust', 'responsible_body', 'Priya Natarajan', 'priya@naturaltrust.example'),
('user-eco-1', 'rb-natural-trust', 'ecologist', 'Tom Hardy', 'tom@fieldeco.example'),
('user-eco-2', 'rb-natural-trust', 'ecologist', 'Sara Okafor', 'sara@fieldeco.example');

INSERT INTO parcel (id, tenant_id, name, habitat_type, metric_ref, geom, area_ha, baseline_date) VALUES ('parcel-0', 'rb-natural-trust', 'Ashdown Fields A1', 'Lowland meadow', 'BM-parcel-0', ST_SetSRID(ST_GeomFromGeoJSON('{"type":"Polygon","coordinates":[[[-0.048478,51.052522],[-0.047022,51.052522],[-0.047022,51.05397800000001],[-0.048478,51.05397800000001],[-0.048478,51.052522]]]}'), 4326), 1.65, '2025-04-01');
INSERT INTO target (id, parcel_id, baseline_condition, target_condition, baseline_units, target_units, by_year) VALUES ('target-parcel-0', 'parcel-0', 'poor', 'good', 3.3, 9.9, 10);
INSERT INTO condition_point (parcel_id, metric, value, captured_at, source) VALUES
  ('parcel-0', 'condition_score', 1.04, '2025-04-01T00:00:00.000Z', 'eo'),
  ('parcel-0', 'condition_score', 1.07, '2025-07-01T07:30:00.000Z', 'eo'),
  ('parcel-0', 'condition_score', 1.1, '2025-09-30T15:00:00.000Z', 'eo'),
  ('parcel-0', 'condition_score', 1.12, '2025-12-30T22:30:00.000Z', 'eo'),
  ('parcel-0', 'condition_score', 1.15, '2026-04-01T06:00:00.000Z', 'eo');
INSERT INTO trajectory_flag (parcel_id, status, year, actual, required, gap, detected_at) VALUES ('parcel-0', 'on_track', 1, 1.15, 1.2, -0.05, '2026-06-01T00:00:00.000Z');

INSERT INTO parcel (id, tenant_id, name, habitat_type, metric_ref, geom, area_ha, baseline_date) VALUES ('parcel-1', 'rb-natural-trust', 'Ashdown Fields B1', 'Mixed scrub', 'BM-parcel-1', ST_SetSRID(ST_GeomFromGeoJSON('{"type":"Polygon","coordinates":[[[-0.044282800000000004,51.05221720000001],[-0.0422172,51.05221720000001],[-0.0422172,51.0542828],[-0.044282800000000004,51.0542828],[-0.044282800000000004,51.05221720000001]]]}'), 4326), 3.32, '2024-04-01');
INSERT INTO target (id, parcel_id, baseline_condition, target_condition, baseline_units, target_units, by_year) VALUES ('target-parcel-1', 'parcel-1', 'moderate', 'good', 13.3, 19.9, 15);
INSERT INTO condition_point (parcel_id, metric, value, captured_at, source) VALUES
  ('parcel-1', 'condition_score', 2.02, '2024-04-01T00:00:00.000Z', 'eo'),
  ('parcel-1', 'condition_score', 2.02, '2024-07-01T07:30:00.000Z', 'eo'),
  ('parcel-1', 'condition_score', 2.02, '2024-09-30T15:00:00.000Z', 'eo'),
  ('parcel-1', 'condition_score', 2, '2024-12-30T22:30:00.000Z', 'eo'),
  ('parcel-1', 'condition_score', 1.99, '2025-04-01T06:00:00.000Z', 'eo'),
  ('parcel-1', 'condition_score', 1.96, '2025-07-01T13:30:00.000Z', 'eo'),
  ('parcel-1', 'condition_score', 1.92, '2025-09-30T21:00:00.000Z', 'eo'),
  ('parcel-1', 'condition_score', 1.89, '2025-12-31T04:30:00.000Z', 'eo'),
  ('parcel-1', 'condition_score', 1.85, '2026-04-01T12:00:00.000Z', 'eo');
INSERT INTO trajectory_flag (parcel_id, status, year, actual, required, gap, detected_at) VALUES ('parcel-1', 'on_track', 2, 1.85, 2.13, -0.28, '2026-06-01T00:00:00.000Z');

INSERT INTO parcel (id, tenant_id, name, habitat_type, metric_ref, geom, area_ha, baseline_date) VALUES ('parcel-2', 'rb-natural-trust', 'Ashdown Fields C1', 'Lowland heathland', 'BM-parcel-2', ST_SetSRID(ST_GeomFromGeoJSON('{"type":"Polygon","coordinates":[[[-0.0392876,51.052712400000004],[-0.0382124,51.052712400000004],[-0.0382124,51.05378760000001],[-0.0392876,51.05378760000001],[-0.0392876,51.052712400000004]]]}'), 4326), 0.9, '2023-04-01');
INSERT INTO target (id, parcel_id, baseline_condition, target_condition, baseline_units, target_units, by_year) VALUES ('target-parcel-2', 'parcel-2', 'good', 'good', 5.4, 5.4, 5);
INSERT INTO condition_point (parcel_id, metric, value, captured_at, source) VALUES
  ('parcel-2', 'condition_score', 2.9, '2023-04-01T00:00:00.000Z', 'eo'),
  ('parcel-2', 'condition_score', 2.9, '2023-07-01T07:30:00.000Z', 'eo'),
  ('parcel-2', 'condition_score', 2.92, '2023-09-30T15:00:00.000Z', 'eo'),
  ('parcel-2', 'condition_score', 2.93, '2023-12-30T22:30:00.000Z', 'eo'),
  ('parcel-2', 'condition_score', 2.96, '2024-03-31T06:00:00.000Z', 'eo'),
  ('parcel-2', 'condition_score', 2.98, '2024-06-30T13:30:00.000Z', 'eo'),
  ('parcel-2', 'condition_score', 2.99, '2024-09-29T21:00:00.000Z', 'eo'),
  ('parcel-2', 'condition_score', 3, '2024-12-30T04:30:00.000Z', 'eo'),
  ('parcel-2', 'condition_score', 3, '2025-03-31T12:00:00.000Z', 'eo'),
  ('parcel-2', 'condition_score', 2.99, '2025-06-30T19:30:00.000Z', 'eo'),
  ('parcel-2', 'condition_score', 2.97, '2025-09-30T03:00:00.000Z', 'eo'),
  ('parcel-2', 'condition_score', 2.95, '2025-12-30T10:30:00.000Z', 'eo'),
  ('parcel-2', 'condition_score', 2.93, '2026-03-31T18:00:00.000Z', 'eo');
INSERT INTO trajectory_flag (parcel_id, status, year, actual, required, gap, detected_at) VALUES ('parcel-2', 'on_track', 3, 2.93, 3, -0.07, '2026-06-01T00:00:00.000Z');

INSERT INTO parcel (id, tenant_id, name, habitat_type, metric_ref, geom, area_ha, baseline_date) VALUES ('parcel-3', 'rb-natural-trust', 'Ashdown Fields D1', 'Lowland meadow', 'BM-parcel-3', ST_SetSRID(ST_GeomFromGeoJSON('{"type":"Polygon","coordinates":[[[-0.0350924,51.0524076],[-0.0334076,51.0524076],[-0.0334076,51.05409240000001],[-0.0350924,51.05409240000001],[-0.0350924,51.0524076]]]}'), 4326), 2.21, '2022-04-01');
INSERT INTO target (id, parcel_id, baseline_condition, target_condition, baseline_units, target_units, by_year) VALUES ('target-parcel-3', 'parcel-3', 'poor', 'good', 4.4, 13.3, 12);
INSERT INTO condition_point (parcel_id, metric, value, captured_at, source) VALUES
  ('parcel-3', 'condition_score', 1.02, '2022-04-01T00:00:00.000Z', 'eo'),
  ('parcel-3', 'condition_score', 1.04, '2022-07-01T07:30:00.000Z', 'eo'),
  ('parcel-3', 'condition_score', 1.06, '2022-09-30T15:00:00.000Z', 'eo'),
  ('parcel-3', 'condition_score', 1.09, '2022-12-30T22:30:00.000Z', 'eo'),
  ('parcel-3', 'condition_score', 1.12, '2023-04-01T06:00:00.000Z', 'eo'),
  ('parcel-3', 'condition_score', 1.16, '2023-07-01T13:30:00.000Z', 'eo'),
  ('parcel-3', 'condition_score', 1.21, '2023-09-30T21:00:00.000Z', 'eo'),
  ('parcel-3', 'condition_score', 1.27, '2023-12-31T04:30:00.000Z', 'eo'),
  ('parcel-3', 'condition_score', 1.34, '2024-03-31T12:00:00.000Z', 'eo'),
  ('parcel-3', 'condition_score', 1.4, '2024-06-30T19:30:00.000Z', 'eo'),
  ('parcel-3', 'condition_score', 1.46, '2024-09-30T03:00:00.000Z', 'eo'),
  ('parcel-3', 'condition_score', 1.51, '2024-12-30T10:30:00.000Z', 'eo'),
  ('parcel-3', 'condition_score', 1.56, '2025-03-31T18:00:00.000Z', 'eo'),
  ('parcel-3', 'condition_score', 1.6, '2025-07-01T01:30:00.000Z', 'eo'),
  ('parcel-3', 'condition_score', 1.63, '2025-09-30T09:00:00.000Z', 'eo'),
  ('parcel-3', 'condition_score', 1.65, '2025-12-30T16:30:00.000Z', 'eo'),
  ('parcel-3', 'condition_score', 1.67, '2026-04-01T00:00:00.000Z', 'eo');
INSERT INTO trajectory_flag (parcel_id, status, year, actual, required, gap, detected_at) VALUES ('parcel-3', 'on_track', 4, 1.67, 1.67, 0, '2026-06-01T00:00:00.000Z');

INSERT INTO parcel (id, tenant_id, name, habitat_type, metric_ref, geom, area_ha, baseline_date) VALUES ('parcel-4', 'rb-natural-trust', 'Ashdown Fields A2', 'Mixed scrub', 'BM-parcel-4', ST_SetSRID(ST_GeomFromGeoJSON('{"type":"Polygon","coordinates":[[[-0.0488972,51.05660280000001],[-0.0466028,51.05660280000001],[-0.0466028,51.058897200000004],[-0.0488972,51.058897200000004],[-0.0488972,51.05660280000001]]]}'), 4326), 4.1, '2021-04-01');
INSERT INTO target (id, parcel_id, baseline_condition, target_condition, baseline_units, target_units, by_year) VALUES ('target-parcel-4', 'parcel-4', 'poor', 'good', 8.2, 24.6, 10);
INSERT INTO condition_point (parcel_id, metric, value, captured_at, source) VALUES
  ('parcel-4', 'condition_score', 1.04, '2021-04-01T00:00:00.000Z', 'eo'),
  ('parcel-4', 'condition_score', 1.09, '2021-07-01T07:30:00.000Z', 'eo'),
  ('parcel-4', 'condition_score', 1.14, '2021-09-30T15:00:00.000Z', 'eo'),
  ('parcel-4', 'condition_score', 1.18, '2021-12-30T22:30:00.000Z', 'eo'),
  ('parcel-4', 'condition_score', 1.21, '2022-04-01T06:00:00.000Z', 'eo'),
  ('parcel-4', 'condition_score', 1.23, '2022-07-01T13:30:00.000Z', 'eo'),
  ('parcel-4', 'condition_score', 1.26, '2022-09-30T21:00:00.000Z', 'eo'),
  ('parcel-4', 'condition_score', 1.29, '2022-12-31T04:30:00.000Z', 'eo'),
  ('parcel-4', 'condition_score', 1.32, '2023-04-01T12:00:00.000Z', 'eo'),
  ('parcel-4', 'condition_score', 1.36, '2023-07-01T19:30:00.000Z', 'eo'),
  ('parcel-4', 'condition_score', 1.41, '2023-10-01T03:00:00.000Z', 'eo'),
  ('parcel-4', 'condition_score', 1.47, '2023-12-31T10:30:00.000Z', 'eo'),
  ('parcel-4', 'condition_score', 1.54, '2024-03-31T18:00:00.000Z', 'eo'),
  ('parcel-4', 'condition_score', 1.6, '2024-07-01T01:30:00.000Z', 'eo'),
  ('parcel-4', 'condition_score', 1.67, '2024-09-30T09:00:00.000Z', 'eo'),
  ('parcel-4', 'condition_score', 1.73, '2024-12-30T16:30:00.000Z', 'eo'),
  ('parcel-4', 'condition_score', 1.78, '2025-04-01T00:00:00.000Z', 'eo'),
  ('parcel-4', 'condition_score', 1.83, '2025-07-01T07:30:00.000Z', 'eo'),
  ('parcel-4', 'condition_score', 1.86, '2025-09-30T15:00:00.000Z', 'eo'),
  ('parcel-4', 'condition_score', 1.89, '2025-12-30T22:30:00.000Z', 'eo'),
  ('parcel-4', 'condition_score', 1.92, '2026-04-01T06:00:00.000Z', 'eo');
INSERT INTO trajectory_flag (parcel_id, status, year, actual, required, gap, detected_at) VALUES ('parcel-4', 'on_track', 5, 1.92, 2, -0.08, '2026-06-01T00:00:00.000Z');

INSERT INTO parcel (id, tenant_id, name, habitat_type, metric_ref, geom, area_ha, baseline_date) VALUES ('parcel-5', 'rb-natural-trust', 'Ashdown Fields B2', 'Lowland heathland', 'BM-parcel-5', ST_SetSRID(ST_GeomFromGeoJSON('{"type":"Polygon","coordinates":[[[-0.043902000000000004,51.057098],[-0.042598000000000004,51.057098],[-0.042598000000000004,51.05840200000001],[-0.043902000000000004,51.05840200000001],[-0.043902000000000004,51.057098]]]}'), 4326), 1.32, '2020-04-01');
INSERT INTO target (id, parcel_id, baseline_condition, target_condition, baseline_units, target_units, by_year) VALUES ('target-parcel-5', 'parcel-5', 'moderate', 'good', 5.3, 7.9, 15);
INSERT INTO condition_point (parcel_id, metric, value, captured_at, source) VALUES
  ('parcel-5', 'condition_score', 2.02, '2020-04-01T00:00:00.000Z', 'eo'),
  ('parcel-5', 'condition_score', 1.98, '2020-07-01T07:30:00.000Z', 'eo'),
  ('parcel-5', 'condition_score', 1.95, '2020-09-30T15:00:00.000Z', 'eo'),
  ('parcel-5', 'condition_score', 1.92, '2020-12-30T22:30:00.000Z', 'eo'),
  ('parcel-5', 'condition_score', 1.89, '2021-04-01T06:00:00.000Z', 'eo'),
  ('parcel-5', 'condition_score', 1.88, '2021-07-01T13:30:00.000Z', 'eo'),
  ('parcel-5', 'condition_score', 1.87, '2021-09-30T21:00:00.000Z', 'eo'),
  ('parcel-5', 'condition_score', 1.87, '2021-12-31T04:30:00.000Z', 'eo'),
  ('parcel-5', 'condition_score', 1.87, '2022-04-01T12:00:00.000Z', 'eo'),
  ('parcel-5', 'condition_score', 1.88, '2022-07-01T19:30:00.000Z', 'eo'),
  ('parcel-5', 'condition_score', 1.88, '2022-10-01T03:00:00.000Z', 'eo'),
  ('parcel-5', 'condition_score', 1.88, '2022-12-31T10:30:00.000Z', 'eo'),
  ('parcel-5', 'condition_score', 1.87, '2023-04-01T18:00:00.000Z', 'eo'),
  ('parcel-5', 'condition_score', 1.85, '2023-07-02T01:30:00.000Z', 'eo'),
  ('parcel-5', 'condition_score', 1.82, '2023-10-01T09:00:00.000Z', 'eo'),
  ('parcel-5', 'condition_score', 1.79, '2023-12-31T16:30:00.000Z', 'eo'),
  ('parcel-5', 'condition_score', 1.76, '2024-04-01T00:00:00.000Z', 'eo'),
  ('parcel-5', 'condition_score', 1.72, '2024-07-01T07:30:00.000Z', 'eo'),
  ('parcel-5', 'condition_score', 1.69, '2024-09-30T15:00:00.000Z', 'eo'),
  ('parcel-5', 'condition_score', 1.67, '2024-12-30T22:30:00.000Z', 'eo'),
  ('parcel-5', 'condition_score', 1.65, '2025-04-01T06:00:00.000Z', 'eo'),
  ('parcel-5', 'condition_score', 1.65, '2025-07-01T13:30:00.000Z', 'eo'),
  ('parcel-5', 'condition_score', 1.65, '2025-09-30T21:00:00.000Z', 'eo'),
  ('parcel-5', 'condition_score', 1.65, '2025-12-31T04:30:00.000Z', 'eo'),
  ('parcel-5', 'condition_score', 1.66, '2026-04-01T12:00:00.000Z', 'eo');
INSERT INTO trajectory_flag (parcel_id, status, year, actual, required, gap, detected_at) VALUES ('parcel-5', 'at_risk', 6, 1.66, 2.4, -0.74, '2026-06-01T00:00:00.000Z');
INSERT INTO survey_task (parcel_id, reason, status, created_at) VALUES ('parcel-5', 'EO trajectory at risk: moderate vs required moderate (gap -0.74)', 'open', '2026-06-01T00:00:00.000Z');

INSERT INTO parcel (id, tenant_id, name, habitat_type, metric_ref, geom, area_ha, baseline_date) VALUES ('parcel-6', 'rb-natural-trust', 'Ashdown Fields C2', 'Lowland meadow', 'BM-parcel-6', ST_SetSRID(ST_GeomFromGeoJSON('{"type":"Polygon","coordinates":[[[-0.0397068,51.05679320000001],[-0.0377932,51.05679320000001],[-0.0377932,51.0587068],[-0.0397068,51.0587068],[-0.0397068,51.05679320000001]]]}'), 4326), 2.85, '2019-04-01');
INSERT INTO target (id, parcel_id, baseline_condition, target_condition, baseline_units, target_units, by_year) VALUES ('target-parcel-6', 'parcel-6', 'good', 'good', 17.1, 17.1, 5);
INSERT INTO condition_point (parcel_id, metric, value, captured_at, source) VALUES
  ('parcel-6', 'condition_score', 2.99, '2019-04-01T00:00:00.000Z', 'eo'),
  ('parcel-6', 'condition_score', 3, '2019-07-01T07:30:00.000Z', 'eo'),
  ('parcel-6', 'condition_score', 3, '2019-09-30T15:00:00.000Z', 'eo'),
  ('parcel-6', 'condition_score', 2.99, '2019-12-30T22:30:00.000Z', 'eo'),
  ('parcel-6', 'condition_score', 2.98, '2020-03-31T06:00:00.000Z', 'eo'),
  ('parcel-6', 'condition_score', 2.96, '2020-06-30T13:30:00.000Z', 'eo'),
  ('parcel-6', 'condition_score', 2.94, '2020-09-29T21:00:00.000Z', 'eo'),
  ('parcel-6', 'condition_score', 2.92, '2020-12-30T04:30:00.000Z', 'eo'),
  ('parcel-6', 'condition_score', 2.91, '2021-03-31T12:00:00.000Z', 'eo'),
  ('parcel-6', 'condition_score', 2.9, '2021-06-30T19:30:00.000Z', 'eo'),
  ('parcel-6', 'condition_score', 2.9, '2021-09-30T03:00:00.000Z', 'eo'),
  ('parcel-6', 'condition_score', 2.91, '2021-12-30T10:30:00.000Z', 'eo'),
  ('parcel-6', 'condition_score', 2.93, '2022-03-31T18:00:00.000Z', 'eo'),
  ('parcel-6', 'condition_score', 2.95, '2022-07-01T01:30:00.000Z', 'eo'),
  ('parcel-6', 'condition_score', 2.97, '2022-09-30T09:00:00.000Z', 'eo'),
  ('parcel-6', 'condition_score', 2.99, '2022-12-30T16:30:00.000Z', 'eo'),
  ('parcel-6', 'condition_score', 3, '2023-04-01T00:00:00.000Z', 'eo'),
  ('parcel-6', 'condition_score', 3, '2023-07-01T07:30:00.000Z', 'eo'),
  ('parcel-6', 'condition_score', 2.99, '2023-09-30T15:00:00.000Z', 'eo'),
  ('parcel-6', 'condition_score', 2.98, '2023-12-30T22:30:00.000Z', 'eo'),
  ('parcel-6', 'condition_score', 2.96, '2024-03-31T06:00:00.000Z', 'eo'),
  ('parcel-6', 'condition_score', 2.93, '2024-06-30T13:30:00.000Z', 'eo'),
  ('parcel-6', 'condition_score', 2.92, '2024-09-29T21:00:00.000Z', 'eo'),
  ('parcel-6', 'condition_score', 2.9, '2024-12-30T04:30:00.000Z', 'eo'),
  ('parcel-6', 'condition_score', 2.9, '2025-03-31T12:00:00.000Z', 'eo'),
  ('parcel-6', 'condition_score', 2.9, '2025-06-30T19:30:00.000Z', 'eo'),
  ('parcel-6', 'condition_score', 2.92, '2025-09-30T03:00:00.000Z', 'eo'),
  ('parcel-6', 'condition_score', 2.94, '2025-12-30T10:30:00.000Z', 'eo'),
  ('parcel-6', 'condition_score', 2.96, '2026-03-31T18:00:00.000Z', 'eo');
INSERT INTO trajectory_flag (parcel_id, status, year, actual, required, gap, detected_at) VALUES ('parcel-6', 'on_track', 7, 2.96, 3, -0.04, '2026-06-01T00:00:00.000Z');

INSERT INTO parcel (id, tenant_id, name, habitat_type, metric_ref, geom, area_ha, baseline_date) VALUES ('parcel-7', 'rb-natural-trust', 'Ashdown Fields D2', 'Mixed scrub', 'BM-parcel-7', ST_SetSRID(ST_GeomFromGeoJSON('{"type":"Polygon","coordinates":[[[-0.035511600000000004,51.056488400000006],[-0.0329884,51.056488400000006],[-0.0329884,51.059011600000005],[-0.035511600000000004,51.059011600000005],[-0.035511600000000004,51.056488400000006]]]}'), 4326), 4.96, '2018-04-01');
INSERT INTO target (id, parcel_id, baseline_condition, target_condition, baseline_units, target_units, by_year) VALUES ('target-parcel-7', 'parcel-7', 'poor', 'good', 9.9, 29.8, 12);
INSERT INTO condition_point (parcel_id, metric, value, captured_at, source) VALUES
  ('parcel-7', 'condition_score', 0.96, '2018-04-01T00:00:00.000Z', 'eo'),
  ('parcel-7', 'condition_score', 1.01, '2018-07-01T07:30:00.000Z', 'eo'),
  ('parcel-7', 'condition_score', 1.07, '2018-09-30T15:00:00.000Z', 'eo'),
  ('parcel-7', 'condition_score', 1.14, '2018-12-30T22:30:00.000Z', 'eo'),
  ('parcel-7', 'condition_score', 1.2, '2019-04-01T06:00:00.000Z', 'eo'),
  ('parcel-7', 'condition_score', 1.26, '2019-07-01T13:30:00.000Z', 'eo'),
  ('parcel-7', 'condition_score', 1.3, '2019-09-30T21:00:00.000Z', 'eo'),
  ('parcel-7', 'condition_score', 1.34, '2019-12-31T04:30:00.000Z', 'eo'),
  ('parcel-7', 'condition_score', 1.38, '2020-03-31T12:00:00.000Z', 'eo'),
  ('parcel-7', 'condition_score', 1.4, '2020-06-30T19:30:00.000Z', 'eo'),
  ('parcel-7', 'condition_score', 1.42, '2020-09-30T03:00:00.000Z', 'eo'),
  ('parcel-7', 'condition_score', 1.45, '2020-12-30T10:30:00.000Z', 'eo'),
  ('parcel-7', 'condition_score', 1.47, '2021-03-31T18:00:00.000Z', 'eo'),
  ('parcel-7', 'condition_score', 1.5, '2021-07-01T01:30:00.000Z', 'eo'),
  ('parcel-7', 'condition_score', 1.55, '2021-09-30T09:00:00.000Z', 'eo'),
  ('parcel-7', 'condition_score', 1.6, '2021-12-30T16:30:00.000Z', 'eo'),
  ('parcel-7', 'condition_score', 1.65, '2022-04-01T00:00:00.000Z', 'eo'),
  ('parcel-7', 'condition_score', 1.72, '2022-07-01T07:30:00.000Z', 'eo'),
  ('parcel-7', 'condition_score', 1.78, '2022-09-30T15:00:00.000Z', 'eo'),
  ('parcel-7', 'condition_score', 1.84, '2022-12-30T22:30:00.000Z', 'eo'),
  ('parcel-7', 'condition_score', 1.9, '2023-04-01T06:00:00.000Z', 'eo'),
  ('parcel-7', 'condition_score', 1.94, '2023-07-01T13:30:00.000Z', 'eo'),
  ('parcel-7', 'condition_score', 1.98, '2023-09-30T21:00:00.000Z', 'eo'),
  ('parcel-7', 'condition_score', 2.01, '2023-12-31T04:30:00.000Z', 'eo'),
  ('parcel-7', 'condition_score', 2.04, '2024-03-31T12:00:00.000Z', 'eo'),
  ('parcel-7', 'condition_score', 2.06, '2024-06-30T19:30:00.000Z', 'eo'),
  ('parcel-7', 'condition_score', 2.08, '2024-09-30T03:00:00.000Z', 'eo'),
  ('parcel-7', 'condition_score', 2.11, '2024-12-30T10:30:00.000Z', 'eo'),
  ('parcel-7', 'condition_score', 2.14, '2025-03-31T18:00:00.000Z', 'eo'),
  ('parcel-7', 'condition_score', 2.18, '2025-07-01T01:30:00.000Z', 'eo'),
  ('parcel-7', 'condition_score', 2.24, '2025-09-30T09:00:00.000Z', 'eo'),
  ('parcel-7', 'condition_score', 2.29, '2025-12-30T16:30:00.000Z', 'eo'),
  ('parcel-7', 'condition_score', 2.36, '2026-04-01T00:00:00.000Z', 'eo');
INSERT INTO trajectory_flag (parcel_id, status, year, actual, required, gap, detected_at) VALUES ('parcel-7', 'on_track', 8, 2.36, 2.33, 0.02, '2026-06-01T00:00:00.000Z');

INSERT INTO parcel (id, tenant_id, name, habitat_type, metric_ref, geom, area_ha, baseline_date) VALUES ('parcel-8', 'rb-natural-trust', 'Severn Levels A1', 'Floodplain wetland', 'BM-parcel-8', ST_SetSRID(ST_GeomFromGeoJSON('{"type":"Polygon","coordinates":[[[-2.5574395999999995,51.5425604],[-2.5560604,51.5425604],[-2.5560604,51.5439396],[-2.5574395999999995,51.5439396],[-2.5574395999999995,51.5425604]]]}'), 4326), 1.47, '2025-04-01');
INSERT INTO target (id, parcel_id, baseline_condition, target_condition, baseline_units, target_units, by_year) VALUES ('target-parcel-8', 'parcel-8', 'poor', 'good', 2.9, 8.8, 10);
INSERT INTO condition_point (parcel_id, metric, value, captured_at, source) VALUES
  ('parcel-8', 'condition_score', 0.97, '2025-04-01T00:00:00.000Z', 'eo'),
  ('parcel-8', 'condition_score', 1, '2025-07-01T07:30:00.000Z', 'eo'),
  ('parcel-8', 'condition_score', 1.04, '2025-09-30T15:00:00.000Z', 'eo'),
  ('parcel-8', 'condition_score', 1.09, '2025-12-30T22:30:00.000Z', 'eo'),
  ('parcel-8', 'condition_score', 1.14, '2026-04-01T06:00:00.000Z', 'eo');
INSERT INTO trajectory_flag (parcel_id, status, year, actual, required, gap, detected_at) VALUES ('parcel-8', 'on_track', 1, 1.14, 1.2, -0.06, '2026-06-01T00:00:00.000Z');

INSERT INTO parcel (id, tenant_id, name, habitat_type, metric_ref, geom, area_ha, baseline_date) VALUES ('parcel-9', 'rb-natural-trust', 'Severn Levels B1', 'Wet woodland', 'BM-parcel-9', ST_SetSRID(ST_GeomFromGeoJSON('{"type":"Polygon","coordinates":[[[-2.5532444,51.5422556],[-2.5512555999999997,51.5422556],[-2.5512555999999997,51.544244400000004],[-2.5532444,51.544244400000004],[-2.5532444,51.5422556]]]}'), 4326), 3.05, '2024-04-01');
INSERT INTO target (id, parcel_id, baseline_condition, target_condition, baseline_units, target_units, by_year) VALUES ('target-parcel-9', 'parcel-9', 'moderate', 'good', 12.2, 18.3, 15);
INSERT INTO condition_point (parcel_id, metric, value, captured_at, source) VALUES
  ('parcel-9', 'condition_score', 2.05, '2024-04-01T00:00:00.000Z', 'eo'),
  ('parcel-9', 'condition_score', 2.02, '2024-07-01T07:30:00.000Z', 'eo'),
  ('parcel-9', 'condition_score', 1.99, '2024-09-30T15:00:00.000Z', 'eo'),
  ('parcel-9', 'condition_score', 1.96, '2024-12-30T22:30:00.000Z', 'eo'),
  ('parcel-9', 'condition_score', 1.92, '2025-04-01T06:00:00.000Z', 'eo'),
  ('parcel-9', 'condition_score', 1.89, '2025-07-01T13:30:00.000Z', 'eo'),
  ('parcel-9', 'condition_score', 1.86, '2025-09-30T21:00:00.000Z', 'eo'),
  ('parcel-9', 'condition_score', 1.85, '2025-12-31T04:30:00.000Z', 'eo'),
  ('parcel-9', 'condition_score', 1.84, '2026-04-01T12:00:00.000Z', 'eo');
INSERT INTO trajectory_flag (parcel_id, status, year, actual, required, gap, detected_at) VALUES ('parcel-9', 'on_track', 2, 1.84, 2.13, -0.3, '2026-06-01T00:00:00.000Z');

INSERT INTO parcel (id, tenant_id, name, habitat_type, metric_ref, geom, area_ha, baseline_date) VALUES ('parcel-10', 'rb-natural-trust', 'Severn Levels C1', 'Reedbed', 'BM-parcel-10', ST_SetSRID(ST_GeomFromGeoJSON('{"type":"Polygon","coordinates":[[[-2.5485108,51.5424892],[-2.5469891999999996,51.5424892],[-2.5469891999999996,51.5440108],[-2.5485108,51.5440108],[-2.5485108,51.5424892]]]}'), 4326), 1.78, '2023-04-01');
INSERT INTO target (id, parcel_id, baseline_condition, target_condition, baseline_units, target_units, by_year) VALUES ('target-parcel-10', 'parcel-10', 'moderate', 'good', 7.1, 10.7, 15);
INSERT INTO condition_point (parcel_id, metric, value, captured_at, source) VALUES
  ('parcel-10', 'condition_score', 2.03, '2023-04-01T00:00:00.000Z', 'eo'),
  ('parcel-10', 'condition_score', 1.99, '2023-07-01T07:30:00.000Z', 'eo'),
  ('parcel-10', 'condition_score', 1.95, '2023-09-30T15:00:00.000Z', 'eo'),
  ('parcel-10', 'condition_score', 1.92, '2023-12-30T22:30:00.000Z', 'eo'),
  ('parcel-10', 'condition_score', 1.89, '2024-03-31T06:00:00.000Z', 'eo'),
  ('parcel-10', 'condition_score', 1.88, '2024-06-30T13:30:00.000Z', 'eo'),
  ('parcel-10', 'condition_score', 1.86, '2024-09-29T21:00:00.000Z', 'eo'),
  ('parcel-10', 'condition_score', 1.86, '2024-12-30T04:30:00.000Z', 'eo'),
  ('parcel-10', 'condition_score', 1.87, '2025-03-31T12:00:00.000Z', 'eo'),
  ('parcel-10', 'condition_score', 1.87, '2025-06-30T19:30:00.000Z', 'eo'),
  ('parcel-10', 'condition_score', 1.88, '2025-09-30T03:00:00.000Z', 'eo'),
  ('parcel-10', 'condition_score', 1.88, '2025-12-30T10:30:00.000Z', 'eo'),
  ('parcel-10', 'condition_score', 1.87, '2026-03-31T18:00:00.000Z', 'eo');
INSERT INTO trajectory_flag (parcel_id, status, year, actual, required, gap, detected_at) VALUES ('parcel-10', 'on_track', 3, 1.87, 2.2, -0.33, '2026-06-01T00:00:00.000Z');

INSERT INTO parcel (id, tenant_id, name, habitat_type, metric_ref, geom, area_ha, baseline_date) VALUES ('parcel-11', 'rb-natural-trust', 'Severn Levels D1', 'Floodplain wetland', 'BM-parcel-11', ST_SetSRID(ST_GeomFromGeoJSON('{"type":"Polygon","coordinates":[[[-2.544506,51.541994],[-2.541994,51.541994],[-2.541994,51.544506],[-2.544506,51.544506],[-2.544506,51.541994]]]}'), 4326), 4.86, '2022-04-01');
INSERT INTO target (id, parcel_id, baseline_condition, target_condition, baseline_units, target_units, by_year) VALUES ('target-parcel-11', 'parcel-11', 'poor', 'good', 9.7, 29.2, 10);
INSERT INTO condition_point (parcel_id, metric, value, captured_at, source) VALUES
  ('parcel-11', 'condition_score', 0.95, '2022-04-01T00:00:00.000Z', 'eo'),
  ('parcel-11', 'condition_score', 1, '2022-07-01T07:30:00.000Z', 'eo'),
  ('parcel-11', 'condition_score', 1.05, '2022-09-30T15:00:00.000Z', 'eo'),
  ('parcel-11', 'condition_score', 1.11, '2022-12-30T22:30:00.000Z', 'eo'),
  ('parcel-11', 'condition_score', 1.18, '2023-04-01T06:00:00.000Z', 'eo'),
  ('parcel-11', 'condition_score', 1.25, '2023-07-01T13:30:00.000Z', 'eo'),
  ('parcel-11', 'condition_score', 1.31, '2023-09-30T21:00:00.000Z', 'eo'),
  ('parcel-11', 'condition_score', 1.37, '2023-12-31T04:30:00.000Z', 'eo'),
  ('parcel-11', 'condition_score', 1.42, '2024-03-31T12:00:00.000Z', 'eo'),
  ('parcel-11', 'condition_score', 1.46, '2024-06-30T19:30:00.000Z', 'eo'),
  ('parcel-11', 'condition_score', 1.49, '2024-09-30T03:00:00.000Z', 'eo'),
  ('parcel-11', 'condition_score', 1.52, '2024-12-30T10:30:00.000Z', 'eo'),
  ('parcel-11', 'condition_score', 1.54, '2025-03-31T18:00:00.000Z', 'eo'),
  ('parcel-11', 'condition_score', 1.57, '2025-07-01T01:30:00.000Z', 'eo'),
  ('parcel-11', 'condition_score', 1.6, '2025-09-30T09:00:00.000Z', 'eo'),
  ('parcel-11', 'condition_score', 1.64, '2025-12-30T16:30:00.000Z', 'eo'),
  ('parcel-11', 'condition_score', 1.69, '2026-04-01T00:00:00.000Z', 'eo');
INSERT INTO trajectory_flag (parcel_id, status, year, actual, required, gap, detected_at) VALUES ('parcel-11', 'on_track', 4, 1.69, 1.8, -0.11, '2026-06-01T00:00:00.000Z');

INSERT INTO parcel (id, tenant_id, name, habitat_type, metric_ref, geom, area_ha, baseline_date) VALUES ('parcel-12', 'rb-natural-trust', 'Severn Levels A2', 'Wet woodland', 'BM-parcel-12', ST_SetSRID(ST_GeomFromGeoJSON('{"type":"Polygon","coordinates":[[[-2.5573203999999996,51.5471796],[-2.5561795999999997,51.5471796],[-2.5561795999999997,51.5483204],[-2.5573203999999996,51.5483204],[-2.5573203999999996,51.5471796]]]}'), 4326), 1, '2021-04-01');
INSERT INTO target (id, parcel_id, baseline_condition, target_condition, baseline_units, target_units, by_year) VALUES ('target-parcel-12', 'parcel-12', 'poor', 'good', 2, 6, 12);
INSERT INTO condition_point (parcel_id, metric, value, captured_at, source) VALUES
  ('parcel-12', 'condition_score', 1.03, '2021-04-01T00:00:00.000Z', 'eo'),
  ('parcel-12', 'condition_score', 1.05, '2021-07-01T07:30:00.000Z', 'eo'),
  ('parcel-12', 'condition_score', 1.07, '2021-09-30T15:00:00.000Z', 'eo'),
  ('parcel-12', 'condition_score', 1.1, '2021-12-30T22:30:00.000Z', 'eo'),
  ('parcel-12', 'condition_score', 1.13, '2022-04-01T06:00:00.000Z', 'eo'),
  ('parcel-12', 'condition_score', 1.16, '2022-07-01T13:30:00.000Z', 'eo'),
  ('parcel-12', 'condition_score', 1.21, '2022-09-30T21:00:00.000Z', 'eo'),
  ('parcel-12', 'condition_score', 1.26, '2022-12-31T04:30:00.000Z', 'eo'),
  ('parcel-12', 'condition_score', 1.32, '2023-04-01T12:00:00.000Z', 'eo'),
  ('parcel-12', 'condition_score', 1.39, '2023-07-01T19:30:00.000Z', 'eo'),
  ('parcel-12', 'condition_score', 1.45, '2023-10-01T03:00:00.000Z', 'eo'),
  ('parcel-12', 'condition_score', 1.51, '2023-12-31T10:30:00.000Z', 'eo'),
  ('parcel-12', 'condition_score', 1.56, '2024-03-31T18:00:00.000Z', 'eo'),
  ('parcel-12', 'condition_score', 1.6, '2024-07-01T01:30:00.000Z', 'eo'),
  ('parcel-12', 'condition_score', 1.64, '2024-09-30T09:00:00.000Z', 'eo'),
  ('parcel-12', 'condition_score', 1.66, '2024-12-30T16:30:00.000Z', 'eo'),
  ('parcel-12', 'condition_score', 1.69, '2025-04-01T00:00:00.000Z', 'eo'),
  ('parcel-12', 'condition_score', 1.71, '2025-07-01T07:30:00.000Z', 'eo'),
  ('parcel-12', 'condition_score', 1.73, '2025-09-30T15:00:00.000Z', 'eo'),
  ('parcel-12', 'condition_score', 1.76, '2025-12-30T22:30:00.000Z', 'eo'),
  ('parcel-12', 'condition_score', 1.8, '2026-04-01T06:00:00.000Z', 'eo');
INSERT INTO trajectory_flag (parcel_id, status, year, actual, required, gap, detected_at) VALUES ('parcel-12', 'on_track', 5, 1.8, 1.83, -0.03, '2026-06-01T00:00:00.000Z');

INSERT INTO parcel (id, tenant_id, name, habitat_type, metric_ref, geom, area_ha, baseline_date) VALUES ('parcel-13', 'rb-natural-trust', 'Severn Levels B2', 'Reedbed', 'BM-parcel-13', ST_SetSRID(ST_GeomFromGeoJSON('{"type":"Polygon","coordinates":[[[-2.5533156,51.546684400000004],[-2.5511844,51.546684400000004],[-2.5511844,51.5488156],[-2.5533156,51.5488156],[-2.5533156,51.546684400000004]]]}'), 4326), 3.5, '2020-04-01');
INSERT INTO target (id, parcel_id, baseline_condition, target_condition, baseline_units, target_units, by_year) VALUES ('target-parcel-13', 'parcel-13', 'good', 'good', 21, 21, 5);
INSERT INTO condition_point (parcel_id, metric, value, captured_at, source) VALUES
  ('parcel-13', 'condition_score', 2.98, '2020-04-01T00:00:00.000Z', 'eo'),
  ('parcel-13', 'condition_score', 3, '2020-07-01T07:30:00.000Z', 'eo'),
  ('parcel-13', 'condition_score', 3, '2020-09-30T15:00:00.000Z', 'eo'),
  ('parcel-13', 'condition_score', 3, '2020-12-30T22:30:00.000Z', 'eo'),
  ('parcel-13', 'condition_score', 2.98, '2021-04-01T06:00:00.000Z', 'eo'),
  ('parcel-13', 'condition_score', 2.97, '2021-07-01T13:30:00.000Z', 'eo'),
  ('parcel-13', 'condition_score', 2.94, '2021-09-30T21:00:00.000Z', 'eo'),
  ('parcel-13', 'condition_score', 2.92, '2021-12-31T04:30:00.000Z', 'eo'),
  ('parcel-13', 'condition_score', 2.91, '2022-04-01T12:00:00.000Z', 'eo'),
  ('parcel-13', 'condition_score', 2.9, '2022-07-01T19:30:00.000Z', 'eo'),
  ('parcel-13', 'condition_score', 2.9, '2022-10-01T03:00:00.000Z', 'eo'),
  ('parcel-13', 'condition_score', 2.91, '2022-12-31T10:30:00.000Z', 'eo'),
  ('parcel-13', 'condition_score', 2.93, '2023-04-01T18:00:00.000Z', 'eo'),
  ('parcel-13', 'condition_score', 2.95, '2023-07-02T01:30:00.000Z', 'eo'),
  ('parcel-13', 'condition_score', 2.97, '2023-10-01T09:00:00.000Z', 'eo'),
  ('parcel-13', 'condition_score', 2.99, '2023-12-31T16:30:00.000Z', 'eo'),
  ('parcel-13', 'condition_score', 3, '2024-04-01T00:00:00.000Z', 'eo'),
  ('parcel-13', 'condition_score', 3, '2024-07-01T07:30:00.000Z', 'eo'),
  ('parcel-13', 'condition_score', 2.99, '2024-09-30T15:00:00.000Z', 'eo'),
  ('parcel-13', 'condition_score', 2.98, '2024-12-30T22:30:00.000Z', 'eo'),
  ('parcel-13', 'condition_score', 2.96, '2025-04-01T06:00:00.000Z', 'eo'),
  ('parcel-13', 'condition_score', 2.94, '2025-07-01T13:30:00.000Z', 'eo'),
  ('parcel-13', 'condition_score', 2.92, '2025-09-30T21:00:00.000Z', 'eo'),
  ('parcel-13', 'condition_score', 2.91, '2025-12-31T04:30:00.000Z', 'eo'),
  ('parcel-13', 'condition_score', 2.9, '2026-04-01T12:00:00.000Z', 'eo');
INSERT INTO trajectory_flag (parcel_id, status, year, actual, required, gap, detected_at) VALUES ('parcel-13', 'on_track', 6, 2.9, 3, -0.1, '2026-06-01T00:00:00.000Z');

INSERT INTO parcel (id, tenant_id, name, habitat_type, metric_ref, geom, area_ha, baseline_date) VALUES ('parcel-14', 'rb-natural-trust', 'Severn Levels C2', 'Floodplain wetland', 'BM-parcel-14', ST_SetSRID(ST_GeomFromGeoJSON('{"type":"Polygon","coordinates":[[[-2.5488915999999997,51.546608400000004],[-2.5466083999999998,51.546608400000004],[-2.5466083999999998,51.5488916],[-2.5488915999999997,51.5488916],[-2.5488915999999997,51.546608400000004]]]}'), 4326), 4.02, '2019-04-01');
INSERT INTO target (id, parcel_id, baseline_condition, target_condition, baseline_units, target_units, by_year) VALUES ('target-parcel-14', 'parcel-14', 'moderate', 'good', 16.1, 24.1, 15);
INSERT INTO condition_point (parcel_id, metric, value, captured_at, source) VALUES
  ('parcel-14', 'condition_score', 2.01, '2019-04-01T00:00:00.000Z', 'eo'),
  ('parcel-14', 'condition_score', 2.01, '2019-07-01T07:30:00.000Z', 'eo'),
  ('parcel-14', 'condition_score', 2.01, '2019-09-30T15:00:00.000Z', 'eo'),
  ('parcel-14', 'condition_score', 2, '2019-12-30T22:30:00.000Z', 'eo'),
  ('parcel-14', 'condition_score', 1.99, '2020-03-31T06:00:00.000Z', 'eo'),
  ('parcel-14', 'condition_score', 1.96, '2020-06-30T13:30:00.000Z', 'eo'),
  ('parcel-14', 'condition_score', 1.93, '2020-09-29T21:00:00.000Z', 'eo'),
  ('parcel-14', 'condition_score', 1.89, '2020-12-30T04:30:00.000Z', 'eo'),
  ('parcel-14', 'condition_score', 1.86, '2021-03-31T12:00:00.000Z', 'eo'),
  ('parcel-14', 'condition_score', 1.83, '2021-06-30T19:30:00.000Z', 'eo'),
  ('parcel-14', 'condition_score', 1.8, '2021-09-30T03:00:00.000Z', 'eo'),
  ('parcel-14', 'condition_score', 1.79, '2021-12-30T10:30:00.000Z', 'eo'),
  ('parcel-14', 'condition_score', 1.78, '2022-03-31T18:00:00.000Z', 'eo'),
  ('parcel-14', 'condition_score', 1.78, '2022-07-01T01:30:00.000Z', 'eo'),
  ('parcel-14', 'condition_score', 1.78, '2022-09-30T09:00:00.000Z', 'eo'),
  ('parcel-14', 'condition_score', 1.79, '2022-12-30T16:30:00.000Z', 'eo'),
  ('parcel-14', 'condition_score', 1.79, '2023-04-01T00:00:00.000Z', 'eo'),
  ('parcel-14', 'condition_score', 1.79, '2023-07-01T07:30:00.000Z', 'eo'),
  ('parcel-14', 'condition_score', 1.78, '2023-09-30T15:00:00.000Z', 'eo'),
  ('parcel-14', 'condition_score', 1.76, '2023-12-30T22:30:00.000Z', 'eo'),
  ('parcel-14', 'condition_score', 1.73, '2024-03-31T06:00:00.000Z', 'eo'),
  ('parcel-14', 'condition_score', 1.7, '2024-06-30T13:30:00.000Z', 'eo'),
  ('parcel-14', 'condition_score', 1.66, '2024-09-29T21:00:00.000Z', 'eo'),
  ('parcel-14', 'condition_score', 1.63, '2024-12-30T04:30:00.000Z', 'eo'),
  ('parcel-14', 'condition_score', 1.6, '2025-03-31T12:00:00.000Z', 'eo'),
  ('parcel-14', 'condition_score', 1.58, '2025-06-30T19:30:00.000Z', 'eo'),
  ('parcel-14', 'condition_score', 1.56, '2025-09-30T03:00:00.000Z', 'eo'),
  ('parcel-14', 'condition_score', 1.56, '2025-12-30T10:30:00.000Z', 'eo'),
  ('parcel-14', 'condition_score', 1.56, '2026-03-31T18:00:00.000Z', 'eo');
INSERT INTO trajectory_flag (parcel_id, status, year, actual, required, gap, detected_at) VALUES ('parcel-14', 'at_risk', 7, 1.56, 2.47, -0.91, '2026-06-01T00:00:00.000Z');
INSERT INTO survey_task (parcel_id, reason, status, created_at) VALUES ('parcel-14', 'EO trajectory at risk: moderate vs required moderate (gap -0.91)', 'open', '2026-06-01T00:00:00.000Z');

INSERT INTO parcel (id, tenant_id, name, habitat_type, metric_ref, geom, area_ha, baseline_date) VALUES ('parcel-15', 'rb-natural-trust', 'Severn Levels D2', 'Wet woodland', 'BM-parcel-15', ST_SetSRID(ST_GeomFromGeoJSON('{"type":"Polygon","coordinates":[[[-2.5440868,51.5469132],[-2.5424132,51.5469132],[-2.5424132,51.5485868],[-2.5440868,51.5485868],[-2.5440868,51.5469132]]]}'), 4326), 2.16, '2018-04-01');
INSERT INTO target (id, parcel_id, baseline_condition, target_condition, baseline_units, target_units, by_year) VALUES ('target-parcel-15', 'parcel-15', 'poor', 'good', 4.3, 13, 10);
INSERT INTO condition_point (parcel_id, metric, value, captured_at, source) VALUES
  ('parcel-15', 'condition_score', 1.04, '2018-04-01T00:00:00.000Z', 'eo'),
  ('parcel-15', 'condition_score', 1.07, '2018-07-01T07:30:00.000Z', 'eo'),
  ('parcel-15', 'condition_score', 1.1, '2018-09-30T15:00:00.000Z', 'eo'),
  ('parcel-15', 'condition_score', 1.13, '2018-12-30T22:30:00.000Z', 'eo'),
  ('parcel-15', 'condition_score', 1.15, '2019-04-01T06:00:00.000Z', 'eo'),
  ('parcel-15', 'condition_score', 1.18, '2019-07-01T13:30:00.000Z', 'eo'),
  ('parcel-15', 'condition_score', 1.23, '2019-09-30T21:00:00.000Z', 'eo'),
  ('parcel-15', 'condition_score', 1.27, '2019-12-31T04:30:00.000Z', 'eo'),
  ('parcel-15', 'condition_score', 1.33, '2020-03-31T12:00:00.000Z', 'eo'),
  ('parcel-15', 'condition_score', 1.39, '2020-06-30T19:30:00.000Z', 'eo'),
  ('parcel-15', 'condition_score', 1.46, '2020-09-30T03:00:00.000Z', 'eo'),
  ('parcel-15', 'condition_score', 1.53, '2020-12-30T10:30:00.000Z', 'eo'),
  ('parcel-15', 'condition_score', 1.59, '2021-03-31T18:00:00.000Z', 'eo'),
  ('parcel-15', 'condition_score', 1.64, '2021-07-01T01:30:00.000Z', 'eo'),
  ('parcel-15', 'condition_score', 1.69, '2021-09-30T09:00:00.000Z', 'eo'),
  ('parcel-15', 'condition_score', 1.73, '2021-12-30T16:30:00.000Z', 'eo'),
  ('parcel-15', 'condition_score', 1.76, '2022-04-01T00:00:00.000Z', 'eo'),
  ('parcel-15', 'condition_score', 1.78, '2022-07-01T07:30:00.000Z', 'eo'),
  ('parcel-15', 'condition_score', 1.81, '2022-09-30T15:00:00.000Z', 'eo'),
  ('parcel-15', 'condition_score', 1.84, '2022-12-30T22:30:00.000Z', 'eo'),
  ('parcel-15', 'condition_score', 1.87, '2023-04-01T06:00:00.000Z', 'eo'),
  ('parcel-15', 'condition_score', 1.91, '2023-07-01T13:30:00.000Z', 'eo'),
  ('parcel-15', 'condition_score', 1.96, '2023-09-30T21:00:00.000Z', 'eo'),
  ('parcel-15', 'condition_score', 2.02, '2023-12-31T04:30:00.000Z', 'eo'),
  ('parcel-15', 'condition_score', 2.09, '2024-03-31T12:00:00.000Z', 'eo'),
  ('parcel-15', 'condition_score', 2.11, '2024-06-30T19:30:00.000Z', 'eo'),
  ('parcel-15', 'condition_score', 2.13, '2024-09-30T03:00:00.000Z', 'eo'),
  ('parcel-15', 'condition_score', 2.14, '2024-12-30T10:30:00.000Z', 'eo'),
  ('parcel-15', 'condition_score', 2.15, '2025-03-31T18:00:00.000Z', 'eo'),
  ('parcel-15', 'condition_score', 2.15, '2025-07-01T01:30:00.000Z', 'eo'),
  ('parcel-15', 'condition_score', 2.14, '2025-09-30T09:00:00.000Z', 'eo'),
  ('parcel-15', 'condition_score', 2.12, '2025-12-30T16:30:00.000Z', 'eo'),
  ('parcel-15', 'condition_score', 2.1, '2026-04-01T00:00:00.000Z', 'eo');
INSERT INTO trajectory_flag (parcel_id, status, year, actual, required, gap, detected_at) VALUES ('parcel-15', 'at_risk', 8, 2.1, 2.6, -0.5, '2026-06-01T00:00:00.000Z');
INSERT INTO survey_task (parcel_id, reason, status, created_at) VALUES ('parcel-15', 'EO trajectory at risk: moderate vs required good (gap -0.5)', 'open', '2026-06-01T00:00:00.000Z');

INSERT INTO parcel (id, tenant_id, name, habitat_type, metric_ref, geom, area_ha, baseline_date) VALUES ('parcel-16', 'rb-natural-trust', 'Lincolnshire Wolds A1', 'Calcareous grassland', 'BM-parcel-16', ST_SetSRID(ST_GeomFromGeoJSON('{"type":"Polygon","coordinates":[[[-0.1877012,53.3122988],[-0.1857988,53.3122988],[-0.1857988,53.31420120000001],[-0.1877012,53.31420120000001],[-0.1877012,53.3122988]]]}'), 4326), 2.68, '2025-04-01');
INSERT INTO target (id, parcel_id, baseline_condition, target_condition, baseline_units, target_units, by_year) VALUES ('target-parcel-16', 'parcel-16', 'poor', 'good', 5.4, 16.1, 12);
INSERT INTO condition_point (parcel_id, metric, value, captured_at, source) VALUES
  ('parcel-16', 'condition_score', 1.01, '2025-04-01T00:00:00.000Z', 'eo'),
  ('parcel-16', 'condition_score', 1.07, '2025-07-01T07:30:00.000Z', 'eo'),
  ('parcel-16', 'condition_score', 1.13, '2025-09-30T15:00:00.000Z', 'eo'),
  ('parcel-16', 'condition_score', 1.18, '2025-12-30T22:30:00.000Z', 'eo'),
  ('parcel-16', 'condition_score', 1.22, '2026-04-01T06:00:00.000Z', 'eo');
INSERT INTO trajectory_flag (parcel_id, status, year, actual, required, gap, detected_at) VALUES ('parcel-16', 'on_track', 1, 1.22, 1.17, 0.05, '2026-06-01T00:00:00.000Z');

INSERT INTO parcel (id, tenant_id, name, habitat_type, metric_ref, geom, area_ha, baseline_date) VALUES ('parcel-17', 'rb-natural-trust', 'Lincolnshire Wolds B1', 'Hedgerow', 'BM-parcel-17', ST_SetSRID(ST_GeomFromGeoJSON('{"type":"Polygon","coordinates":[[[-0.1828964,53.3126036],[-0.1816036,53.3126036],[-0.1816036,53.313896400000004],[-0.1828964,53.313896400000004],[-0.1828964,53.3126036]]]}'), 4326), 1.24, '2024-04-01');
INSERT INTO target (id, parcel_id, baseline_condition, target_condition, baseline_units, target_units, by_year) VALUES ('target-parcel-17', 'parcel-17', 'good', 'good', 7.4, 7.4, 5);
INSERT INTO condition_point (parcel_id, metric, value, captured_at, source) VALUES
  ('parcel-17', 'condition_score', 3, '2024-04-01T00:00:00.000Z', 'eo'),
  ('parcel-17', 'condition_score', 2.98, '2024-07-01T07:30:00.000Z', 'eo'),
  ('parcel-17', 'condition_score', 2.96, '2024-09-30T15:00:00.000Z', 'eo'),
  ('parcel-17', 'condition_score', 2.94, '2024-12-30T22:30:00.000Z', 'eo'),
  ('parcel-17', 'condition_score', 2.92, '2025-04-01T06:00:00.000Z', 'eo'),
  ('parcel-17', 'condition_score', 2.91, '2025-07-01T13:30:00.000Z', 'eo'),
  ('parcel-17', 'condition_score', 2.9, '2025-09-30T21:00:00.000Z', 'eo'),
  ('parcel-17', 'condition_score', 2.9, '2025-12-31T04:30:00.000Z', 'eo'),
  ('parcel-17', 'condition_score', 2.91, '2026-04-01T12:00:00.000Z', 'eo');
INSERT INTO trajectory_flag (parcel_id, status, year, actual, required, gap, detected_at) VALUES ('parcel-17', 'on_track', 2, 2.91, 3, -0.09, '2026-06-01T00:00:00.000Z');

INSERT INTO parcel (id, tenant_id, name, habitat_type, metric_ref, geom, area_ha, baseline_date) VALUES ('parcel-18', 'rb-natural-trust', 'Lincolnshire Wolds C1', 'Mixed scrub', 'BM-parcel-18', ST_SetSRID(ST_GeomFromGeoJSON('{"type":"Polygon","coordinates":[[[-0.1784724,53.3125276],[-0.17702759999999998,53.3125276],[-0.17702759999999998,53.313972400000004],[-0.1784724,53.313972400000004],[-0.1784724,53.3125276]]]}'), 4326), 1.55, '2023-04-01');
INSERT INTO target (id, parcel_id, baseline_condition, target_condition, baseline_units, target_units, by_year) VALUES ('target-parcel-18', 'parcel-18', 'moderate', 'good', 6.2, 9.3, 15);
INSERT INTO condition_point (parcel_id, metric, value, captured_at, source) VALUES
  ('parcel-18', 'condition_score', 2.05, '2023-04-01T00:00:00.000Z', 'eo'),
  ('parcel-18', 'condition_score', 2.03, '2023-07-01T07:30:00.000Z', 'eo'),
  ('parcel-18', 'condition_score', 2, '2023-09-30T15:00:00.000Z', 'eo'),
  ('parcel-18', 'condition_score', 1.97, '2023-12-30T22:30:00.000Z', 'eo'),
  ('parcel-18', 'condition_score', 1.94, '2024-03-31T06:00:00.000Z', 'eo'),
  ('parcel-18', 'condition_score', 1.9, '2024-06-30T13:30:00.000Z', 'eo'),
  ('parcel-18', 'condition_score', 1.87, '2024-09-29T21:00:00.000Z', 'eo'),
  ('parcel-18', 'condition_score', 1.85, '2024-12-30T04:30:00.000Z', 'eo'),
  ('parcel-18', 'condition_score', 1.83, '2025-03-31T12:00:00.000Z', 'eo'),
  ('parcel-18', 'condition_score', 1.82, '2025-06-30T19:30:00.000Z', 'eo'),
  ('parcel-18', 'condition_score', 1.83, '2025-09-30T03:00:00.000Z', 'eo'),
  ('parcel-18', 'condition_score', 1.83, '2025-12-30T10:30:00.000Z', 'eo'),
  ('parcel-18', 'condition_score', 1.84, '2026-03-31T18:00:00.000Z', 'eo');
INSERT INTO trajectory_flag (parcel_id, status, year, actual, required, gap, detected_at) VALUES ('parcel-18', 'at_risk', 3, 1.84, 2.2, -0.36, '2026-06-01T00:00:00.000Z');
INSERT INTO survey_task (parcel_id, reason, status, created_at) VALUES ('parcel-18', 'EO trajectory at risk: moderate vs required moderate (gap -0.36)', 'open', '2026-06-01T00:00:00.000Z');

INSERT INTO parcel (id, tenant_id, name, habitat_type, metric_ref, geom, area_ha, baseline_date) VALUES ('parcel-19', 'rb-natural-trust', 'Lincolnshire Wolds D1', 'Calcareous grassland', 'BM-parcel-19', ST_SetSRID(ST_GeomFromGeoJSON('{"type":"Polygon","coordinates":[[[-0.1744676,53.31203240000001],[-0.17203239999999997,53.31203240000001],[-0.17203239999999997,53.3144676],[-0.1744676,53.3144676],[-0.1744676,53.31203240000001]]]}'), 4326), 4.39, '2022-04-01');
INSERT INTO target (id, parcel_id, baseline_condition, target_condition, baseline_units, target_units, by_year) VALUES ('target-parcel-19', 'parcel-19', 'poor', 'good', 8.8, 26.3, 10);
INSERT INTO condition_point (parcel_id, metric, value, captured_at, source) VALUES
  ('parcel-19', 'condition_score', 0.99, '2022-04-01T00:00:00.000Z', 'eo'),
  ('parcel-19', 'condition_score', 1.01, '2022-07-01T07:30:00.000Z', 'eo'),
  ('parcel-19', 'condition_score', 1.05, '2022-09-30T15:00:00.000Z', 'eo'),
  ('parcel-19', 'condition_score', 1.09, '2022-12-30T22:30:00.000Z', 'eo'),
  ('parcel-19', 'condition_score', 1.14, '2023-04-01T06:00:00.000Z', 'eo'),
  ('parcel-19', 'condition_score', 1.2, '2023-07-01T13:30:00.000Z', 'eo'),
  ('parcel-19', 'condition_score', 1.26, '2023-09-30T21:00:00.000Z', 'eo'),
  ('parcel-19', 'condition_score', 1.33, '2023-12-31T04:30:00.000Z', 'eo'),
  ('parcel-19', 'condition_score', 1.39, '2024-03-31T12:00:00.000Z', 'eo'),
  ('parcel-19', 'condition_score', 1.45, '2024-06-30T19:30:00.000Z', 'eo'),
  ('parcel-19', 'condition_score', 1.51, '2024-09-30T03:00:00.000Z', 'eo'),
  ('parcel-19', 'condition_score', 1.55, '2024-12-30T10:30:00.000Z', 'eo'),
  ('parcel-19', 'condition_score', 1.59, '2025-03-31T18:00:00.000Z', 'eo'),
  ('parcel-19', 'condition_score', 1.62, '2025-07-01T01:30:00.000Z', 'eo'),
  ('parcel-19', 'condition_score', 1.64, '2025-09-30T09:00:00.000Z', 'eo'),
  ('parcel-19', 'condition_score', 1.67, '2025-12-30T16:30:00.000Z', 'eo'),
  ('parcel-19', 'condition_score', 1.7, '2026-04-01T00:00:00.000Z', 'eo');
INSERT INTO trajectory_flag (parcel_id, status, year, actual, required, gap, detected_at) VALUES ('parcel-19', 'on_track', 4, 1.7, 1.8, -0.1, '2026-06-01T00:00:00.000Z');

INSERT INTO parcel (id, tenant_id, name, habitat_type, metric_ref, geom, area_ha, baseline_date) VALUES ('parcel-20', 'rb-natural-trust', 'Lincolnshire Wolds A2', 'Hedgerow', 'BM-parcel-20', ST_SetSRID(ST_GeomFromGeoJSON('{"type":"Polygon","coordinates":[[[-0.1873244,53.317175600000006],[-0.1861756,53.317175600000006],[-0.1861756,53.3183244],[-0.1873244,53.3183244],[-0.1873244,53.317175600000006]]]}'), 4326), 0.98, '2021-04-01');
INSERT INTO target (id, parcel_id, baseline_condition, target_condition, baseline_units, target_units, by_year) VALUES ('target-parcel-20', 'parcel-20', 'poor', 'good', 2, 5.9, 10);
INSERT INTO condition_point (parcel_id, metric, value, captured_at, source) VALUES
  ('parcel-20', 'condition_score', 1.01, '2021-04-01T00:00:00.000Z', 'eo'),
  ('parcel-20', 'condition_score', 1.03, '2021-07-01T07:30:00.000Z', 'eo'),
  ('parcel-20', 'condition_score', 1.06, '2021-09-30T15:00:00.000Z', 'eo'),
  ('parcel-20', 'condition_score', 1.09, '2021-12-30T22:30:00.000Z', 'eo'),
  ('parcel-20', 'condition_score', 1.13, '2022-04-01T06:00:00.000Z', 'eo'),
  ('parcel-20', 'condition_score', 1.18, '2022-07-01T13:30:00.000Z', 'eo'),
  ('parcel-20', 'condition_score', 1.24, '2022-09-30T21:00:00.000Z', 'eo'),
  ('parcel-20', 'condition_score', 1.31, '2022-12-31T04:30:00.000Z', 'eo'),
  ('parcel-20', 'condition_score', 1.37, '2023-04-01T12:00:00.000Z', 'eo'),
  ('parcel-20', 'condition_score', 1.44, '2023-07-01T19:30:00.000Z', 'eo'),
  ('parcel-20', 'condition_score', 1.5, '2023-10-01T03:00:00.000Z', 'eo'),
  ('parcel-20', 'condition_score', 1.55, '2023-12-31T10:30:00.000Z', 'eo'),
  ('parcel-20', 'condition_score', 1.6, '2024-03-31T18:00:00.000Z', 'eo'),
  ('parcel-20', 'condition_score', 1.63, '2024-07-01T01:30:00.000Z', 'eo'),
  ('parcel-20', 'condition_score', 1.66, '2024-09-30T09:00:00.000Z', 'eo'),
  ('parcel-20', 'condition_score', 1.69, '2024-12-30T16:30:00.000Z', 'eo'),
  ('parcel-20', 'condition_score', 1.71, '2025-04-01T00:00:00.000Z', 'eo'),
  ('parcel-20', 'condition_score', 1.74, '2025-07-01T07:30:00.000Z', 'eo'),
  ('parcel-20', 'condition_score', 1.78, '2025-09-30T15:00:00.000Z', 'eo'),
  ('parcel-20', 'condition_score', 1.82, '2025-12-30T22:30:00.000Z', 'eo'),
  ('parcel-20', 'condition_score', 1.87, '2026-04-01T06:00:00.000Z', 'eo');
INSERT INTO trajectory_flag (parcel_id, status, year, actual, required, gap, detected_at) VALUES ('parcel-20', 'on_track', 5, 1.87, 2, -0.13, '2026-06-01T00:00:00.000Z');

INSERT INTO parcel (id, tenant_id, name, habitat_type, metric_ref, geom, area_ha, baseline_date) VALUES ('parcel-21', 'rb-natural-trust', 'Lincolnshire Wolds B2', 'Mixed scrub', 'BM-parcel-21', ST_SetSRID(ST_GeomFromGeoJSON('{"type":"Polygon","coordinates":[[[-0.1831292,53.316870800000004],[-0.1813708,53.316870800000004],[-0.1813708,53.318629200000004],[-0.1831292,53.318629200000004],[-0.1831292,53.316870800000004]]]}'), 4326), 2.29, '2020-04-01');
INSERT INTO target (id, parcel_id, baseline_condition, target_condition, baseline_units, target_units, by_year) VALUES ('target-parcel-21', 'parcel-21', 'moderate', 'good', 9.2, 13.7, 15);
INSERT INTO condition_point (parcel_id, metric, value, captured_at, source) VALUES
  ('parcel-21', 'condition_score', 2.04, '2020-04-01T00:00:00.000Z', 'eo'),
  ('parcel-21', 'condition_score', 2.03, '2020-07-01T07:30:00.000Z', 'eo'),
  ('parcel-21', 'condition_score', 2.02, '2020-09-30T15:00:00.000Z', 'eo'),
  ('parcel-21', 'condition_score', 1.99, '2020-12-30T22:30:00.000Z', 'eo'),
  ('parcel-21', 'condition_score', 1.96, '2021-04-01T06:00:00.000Z', 'eo'),
  ('parcel-21', 'condition_score', 1.92, '2021-07-01T13:30:00.000Z', 'eo'),
  ('parcel-21', 'condition_score', 1.88, '2021-09-30T21:00:00.000Z', 'eo'),
  ('parcel-21', 'condition_score', 1.85, '2021-12-31T04:30:00.000Z', 'eo'),
  ('parcel-21', 'condition_score', 1.83, '2022-04-01T12:00:00.000Z', 'eo'),
  ('parcel-21', 'condition_score', 1.82, '2022-07-01T19:30:00.000Z', 'eo'),
  ('parcel-21', 'condition_score', 1.81, '2022-10-01T03:00:00.000Z', 'eo'),
  ('parcel-21', 'condition_score', 1.81, '2022-12-31T10:30:00.000Z', 'eo'),
  ('parcel-21', 'condition_score', 1.82, '2023-04-01T18:00:00.000Z', 'eo'),
  ('parcel-21', 'condition_score', 1.82, '2023-07-02T01:30:00.000Z', 'eo'),
  ('parcel-21', 'condition_score', 1.83, '2023-10-01T09:00:00.000Z', 'eo'),
  ('parcel-21', 'condition_score', 1.82, '2023-12-31T16:30:00.000Z', 'eo'),
  ('parcel-21', 'condition_score', 1.81, '2024-04-01T00:00:00.000Z', 'eo'),
  ('parcel-21', 'condition_score', 1.79, '2024-07-01T07:30:00.000Z', 'eo'),
  ('parcel-21', 'condition_score', 1.76, '2024-09-30T15:00:00.000Z', 'eo'),
  ('parcel-21', 'condition_score', 1.73, '2024-12-30T22:30:00.000Z', 'eo'),
  ('parcel-21', 'condition_score', 1.69, '2025-04-01T06:00:00.000Z', 'eo'),
  ('parcel-21', 'condition_score', 1.66, '2025-07-01T13:30:00.000Z', 'eo'),
  ('parcel-21', 'condition_score', 1.63, '2025-09-30T21:00:00.000Z', 'eo'),
  ('parcel-21', 'condition_score', 1.61, '2025-12-31T04:30:00.000Z', 'eo'),
  ('parcel-21', 'condition_score', 1.59, '2026-04-01T12:00:00.000Z', 'eo');
INSERT INTO trajectory_flag (parcel_id, status, year, actual, required, gap, detected_at) VALUES ('parcel-21', 'at_risk', 6, 1.59, 2.4, -0.81, '2026-06-01T00:00:00.000Z');
INSERT INTO survey_task (parcel_id, reason, status, created_at) VALUES ('parcel-21', 'EO trajectory at risk: moderate vs required moderate (gap -0.81)', 'open', '2026-06-01T00:00:00.000Z');

INSERT INTO parcel (id, tenant_id, name, habitat_type, metric_ref, geom, area_ha, baseline_date) VALUES ('parcel-22', 'rb-natural-trust', 'Lincolnshire Wolds C2', 'Calcareous grassland', 'BM-parcel-22', ST_SetSRID(ST_GeomFromGeoJSON('{"type":"Polygon","coordinates":[[[-0.17893399999999998,53.316566],[-0.176566,53.316566],[-0.176566,53.318934000000006],[-0.17893399999999998,53.318934000000006],[-0.17893399999999998,53.316566]]]}'), 4326), 4.15, '2019-04-01');
INSERT INTO target (id, parcel_id, baseline_condition, target_condition, baseline_units, target_units, by_year) VALUES ('target-parcel-22', 'parcel-22', 'good', 'good', 24.9, 24.9, 5);
INSERT INTO condition_point (parcel_id, metric, value, captured_at, source) VALUES
  ('parcel-22', 'condition_score', 2.91, '2019-04-01T00:00:00.000Z', 'eo'),
  ('parcel-22', 'condition_score', 2.93, '2019-07-01T07:30:00.000Z', 'eo'),
  ('parcel-22', 'condition_score', 2.95, '2019-09-30T15:00:00.000Z', 'eo'),
  ('parcel-22', 'condition_score', 2.97, '2019-12-30T22:30:00.000Z', 'eo'),
  ('parcel-22', 'condition_score', 2.99, '2020-03-31T06:00:00.000Z', 'eo'),
  ('parcel-22', 'condition_score', 3, '2020-06-30T13:30:00.000Z', 'eo'),
  ('parcel-22', 'condition_score', 3, '2020-09-29T21:00:00.000Z', 'eo'),
  ('parcel-22', 'condition_score', 2.99, '2020-12-30T04:30:00.000Z', 'eo'),
  ('parcel-22', 'condition_score', 2.98, '2021-03-31T12:00:00.000Z', 'eo'),
  ('parcel-22', 'condition_score', 2.95, '2021-06-30T19:30:00.000Z', 'eo'),
  ('parcel-22', 'condition_score', 2.93, '2021-09-30T03:00:00.000Z', 'eo'),
  ('parcel-22', 'condition_score', 2.92, '2021-12-30T10:30:00.000Z', 'eo'),
  ('parcel-22', 'condition_score', 2.9, '2022-03-31T18:00:00.000Z', 'eo'),
  ('parcel-22', 'condition_score', 2.9, '2022-07-01T01:30:00.000Z', 'eo'),
  ('parcel-22', 'condition_score', 2.91, '2022-09-30T09:00:00.000Z', 'eo'),
  ('parcel-22', 'condition_score', 2.92, '2022-12-30T16:30:00.000Z', 'eo'),
  ('parcel-22', 'condition_score', 2.94, '2023-04-01T00:00:00.000Z', 'eo'),
  ('parcel-22', 'condition_score', 2.96, '2023-07-01T07:30:00.000Z', 'eo'),
  ('parcel-22', 'condition_score', 2.98, '2023-09-30T15:00:00.000Z', 'eo'),
  ('parcel-22', 'condition_score', 2.99, '2023-12-30T22:30:00.000Z', 'eo'),
  ('parcel-22', 'condition_score', 3, '2024-03-31T06:00:00.000Z', 'eo'),
  ('parcel-22', 'condition_score', 3, '2024-06-30T13:30:00.000Z', 'eo'),
  ('parcel-22', 'condition_score', 2.99, '2024-09-29T21:00:00.000Z', 'eo'),
  ('parcel-22', 'condition_score', 2.97, '2024-12-30T04:30:00.000Z', 'eo'),
  ('parcel-22', 'condition_score', 2.95, '2025-03-31T12:00:00.000Z', 'eo'),
  ('parcel-22', 'condition_score', 2.93, '2025-06-30T19:30:00.000Z', 'eo'),
  ('parcel-22', 'condition_score', 2.91, '2025-09-30T03:00:00.000Z', 'eo'),
  ('parcel-22', 'condition_score', 2.9, '2025-12-30T10:30:00.000Z', 'eo'),
  ('parcel-22', 'condition_score', 2.9, '2026-03-31T18:00:00.000Z', 'eo');
INSERT INTO trajectory_flag (parcel_id, status, year, actual, required, gap, detected_at) VALUES ('parcel-22', 'on_track', 7, 2.9, 3, -0.1, '2026-06-01T00:00:00.000Z');

INSERT INTO parcel (id, tenant_id, name, habitat_type, metric_ref, geom, area_ha, baseline_date) VALUES ('parcel-23', 'rb-natural-trust', 'Lincolnshire Wolds D2', 'Hedgerow', 'BM-parcel-23', ST_SetSRID(ST_GeomFromGeoJSON('{"type":"Polygon","coordinates":[[[-0.17393879999999998,53.317061200000005],[-0.1725612,53.317061200000005],[-0.1725612,53.3184388],[-0.17393879999999998,53.3184388],[-0.17393879999999998,53.317061200000005]]]}'), 4326), 1.4, '2018-04-01');
INSERT INTO target (id, parcel_id, baseline_condition, target_condition, baseline_units, target_units, by_year) VALUES ('target-parcel-23', 'parcel-23', 'poor', 'good', 2.8, 8.4, 12);
INSERT INTO condition_point (parcel_id, metric, value, captured_at, source) VALUES
  ('parcel-23', 'condition_score', 0.98, '2018-04-01T00:00:00.000Z', 'eo'),
  ('parcel-23', 'condition_score', 1, '2018-07-01T07:30:00.000Z', 'eo'),
  ('parcel-23', 'condition_score', 1.04, '2018-09-30T15:00:00.000Z', 'eo'),
  ('parcel-23', 'condition_score', 1.08, '2018-12-30T22:30:00.000Z', 'eo'),
  ('parcel-23', 'condition_score', 1.13, '2019-04-01T06:00:00.000Z', 'eo'),
  ('parcel-23', 'condition_score', 1.19, '2019-07-01T13:30:00.000Z', 'eo'),
  ('parcel-23', 'condition_score', 1.25, '2019-09-30T21:00:00.000Z', 'eo'),
  ('parcel-23', 'condition_score', 1.31, '2019-12-31T04:30:00.000Z', 'eo'),
  ('parcel-23', 'condition_score', 1.37, '2020-03-31T12:00:00.000Z', 'eo'),
  ('parcel-23', 'condition_score', 1.43, '2020-06-30T19:30:00.000Z', 'eo'),
  ('parcel-23', 'condition_score', 1.47, '2020-09-30T03:00:00.000Z', 'eo'),
  ('parcel-23', 'condition_score', 1.51, '2020-12-30T10:30:00.000Z', 'eo'),
  ('parcel-23', 'condition_score', 1.54, '2021-03-31T18:00:00.000Z', 'eo'),
  ('parcel-23', 'condition_score', 1.57, '2021-07-01T01:30:00.000Z', 'eo'),
  ('parcel-23', 'condition_score', 1.59, '2021-09-30T09:00:00.000Z', 'eo'),
  ('parcel-23', 'condition_score', 1.61, '2021-12-30T16:30:00.000Z', 'eo'),
  ('parcel-23', 'condition_score', 1.64, '2022-04-01T00:00:00.000Z', 'eo'),
  ('parcel-23', 'condition_score', 1.67, '2022-07-01T07:30:00.000Z', 'eo'),
  ('parcel-23', 'condition_score', 1.72, '2022-09-30T15:00:00.000Z', 'eo'),
  ('parcel-23', 'condition_score', 1.77, '2022-12-30T22:30:00.000Z', 'eo'),
  ('parcel-23', 'condition_score', 1.83, '2023-04-01T06:00:00.000Z', 'eo'),
  ('parcel-23', 'condition_score', 1.89, '2023-07-01T13:30:00.000Z', 'eo'),
  ('parcel-23', 'condition_score', 1.95, '2023-09-30T21:00:00.000Z', 'eo'),
  ('parcel-23', 'condition_score', 2.01, '2023-12-31T04:30:00.000Z', 'eo'),
  ('parcel-23', 'condition_score', 2.07, '2024-03-31T12:00:00.000Z', 'eo'),
  ('parcel-23', 'condition_score', 2.11, '2024-06-30T19:30:00.000Z', 'eo'),
  ('parcel-23', 'condition_score', 2.15, '2024-09-30T03:00:00.000Z', 'eo'),
  ('parcel-23', 'condition_score', 2.18, '2024-12-30T10:30:00.000Z', 'eo'),
  ('parcel-23', 'condition_score', 2.2, '2025-03-31T18:00:00.000Z', 'eo'),
  ('parcel-23', 'condition_score', 2.22, '2025-07-01T01:30:00.000Z', 'eo'),
  ('parcel-23', 'condition_score', 2.25, '2025-09-30T09:00:00.000Z', 'eo'),
  ('parcel-23', 'condition_score', 2.27, '2025-12-30T16:30:00.000Z', 'eo'),
  ('parcel-23', 'condition_score', 2.31, '2026-04-01T00:00:00.000Z', 'eo');
INSERT INTO trajectory_flag (parcel_id, status, year, actual, required, gap, detected_at) VALUES ('parcel-23', 'on_track', 8, 2.31, 2.33, -0.02, '2026-06-01T00:00:00.000Z');

INSERT INTO parcel (id, tenant_id, name, habitat_type, metric_ref, geom, area_ha, baseline_date) VALUES ('parcel-24', 'rb-natural-trust', 'Dartmoor Edge A1', 'Upland heathland', 'BM-parcel-24', ST_SetSRID(ST_GeomFromGeoJSON('{"type":"Polygon","coordinates":[[[-3.8677436,50.5722564],[-3.8657563999999995,50.5722564],[-3.8657563999999995,50.5742436],[-3.8677436,50.5742436],[-3.8677436,50.5722564]]]}'), 4326), 3.11, '2025-04-01');
INSERT INTO target (id, parcel_id, baseline_condition, target_condition, baseline_units, target_units, by_year) VALUES ('target-parcel-24', 'parcel-24', 'poor', 'good', 6.2, 18.7, 10);
INSERT INTO condition_point (parcel_id, metric, value, captured_at, source) VALUES
  ('parcel-24', 'condition_score', 1.05, '2025-04-01T00:00:00.000Z', 'eo'),
  ('parcel-24', 'condition_score', 1.09, '2025-07-01T07:30:00.000Z', 'eo'),
  ('parcel-24', 'condition_score', 1.12, '2025-09-30T15:00:00.000Z', 'eo'),
  ('parcel-24', 'condition_score', 1.15, '2025-12-30T22:30:00.000Z', 'eo'),
  ('parcel-24', 'condition_score', 1.17, '2026-04-01T06:00:00.000Z', 'eo');
INSERT INTO trajectory_flag (parcel_id, status, year, actual, required, gap, detected_at) VALUES ('parcel-24', 'on_track', 1, 1.17, 1.2, -0.03, '2026-06-01T00:00:00.000Z');

INSERT INTO parcel (id, tenant_id, name, habitat_type, metric_ref, geom, area_ha, baseline_date) VALUES ('parcel-25', 'rb-natural-trust', 'Dartmoor Edge B1', 'Blanket bog', 'BM-parcel-25', ST_SetSRID(ST_GeomFromGeoJSON('{"type":"Polygon","coordinates":[[[-3.8635484,50.5719516],[-3.8609516,50.5719516],[-3.8609516,50.574548400000005],[-3.8635484,50.574548400000005],[-3.8635484,50.5719516]]]}'), 4326), 5.31, '2024-04-01');
INSERT INTO target (id, parcel_id, baseline_condition, target_condition, baseline_units, target_units, by_year) VALUES ('target-parcel-25', 'parcel-25', 'moderate', 'good', 21.2, 31.9, 15);
INSERT INTO condition_point (parcel_id, metric, value, captured_at, source) VALUES
  ('parcel-25', 'condition_score', 1.98, '2024-04-01T00:00:00.000Z', 'eo'),
  ('parcel-25', 'condition_score', 1.95, '2024-07-01T07:30:00.000Z', 'eo'),
  ('parcel-25', 'condition_score', 1.92, '2024-09-30T15:00:00.000Z', 'eo'),
  ('parcel-25', 'condition_score', 1.91, '2024-12-30T22:30:00.000Z', 'eo'),
  ('parcel-25', 'condition_score', 1.9, '2025-04-01T06:00:00.000Z', 'eo'),
  ('parcel-25', 'condition_score', 1.9, '2025-07-01T13:30:00.000Z', 'eo'),
  ('parcel-25', 'condition_score', 1.9, '2025-09-30T21:00:00.000Z', 'eo'),
  ('parcel-25', 'condition_score', 1.91, '2025-12-31T04:30:00.000Z', 'eo'),
  ('parcel-25', 'condition_score', 1.91, '2026-04-01T12:00:00.000Z', 'eo');
INSERT INTO trajectory_flag (parcel_id, status, year, actual, required, gap, detected_at) VALUES ('parcel-25', 'on_track', 2, 1.91, 2.13, -0.22, '2026-06-01T00:00:00.000Z');

INSERT INTO parcel (id, tenant_id, name, habitat_type, metric_ref, geom, area_ha, baseline_date) VALUES ('parcel-26', 'rb-natural-trust', 'Dartmoor Edge C1', 'Native woodland', 'BM-parcel-26', ST_SetSRID(ST_GeomFromGeoJSON('{"type":"Polygon","coordinates":[[[-3.8585532,50.5724468],[-3.8569468,50.5724468],[-3.8569468,50.5740532],[-3.8585532,50.5740532],[-3.8585532,50.5724468]]]}'), 4326), 2.03, '2023-04-01');
INSERT INTO target (id, parcel_id, baseline_condition, target_condition, baseline_units, target_units, by_year) VALUES ('target-parcel-26', 'parcel-26', 'good', 'good', 12.2, 12.2, 5);
INSERT INTO condition_point (parcel_id, metric, value, captured_at, source) VALUES
  ('parcel-26', 'condition_score', 3, '2023-04-01T00:00:00.000Z', 'eo'),
  ('parcel-26', 'condition_score', 2.99, '2023-07-01T07:30:00.000Z', 'eo'),
  ('parcel-26', 'condition_score', 2.98, '2023-09-30T15:00:00.000Z', 'eo'),
  ('parcel-26', 'condition_score', 2.96, '2023-12-30T22:30:00.000Z', 'eo'),
  ('parcel-26', 'condition_score', 2.94, '2024-03-31T06:00:00.000Z', 'eo'),
  ('parcel-26', 'condition_score', 2.92, '2024-06-30T13:30:00.000Z', 'eo'),
  ('parcel-26', 'condition_score', 2.91, '2024-09-29T21:00:00.000Z', 'eo'),
  ('parcel-26', 'condition_score', 2.9, '2024-12-30T04:30:00.000Z', 'eo'),
  ('parcel-26', 'condition_score', 2.9, '2025-03-31T12:00:00.000Z', 'eo'),
  ('parcel-26', 'condition_score', 2.91, '2025-06-30T19:30:00.000Z', 'eo'),
  ('parcel-26', 'condition_score', 2.93, '2025-09-30T03:00:00.000Z', 'eo'),
  ('parcel-26', 'condition_score', 2.95, '2025-12-30T10:30:00.000Z', 'eo'),
  ('parcel-26', 'condition_score', 2.97, '2026-03-31T18:00:00.000Z', 'eo');
INSERT INTO trajectory_flag (parcel_id, status, year, actual, required, gap, detected_at) VALUES ('parcel-26', 'on_track', 3, 2.97, 3, -0.03, '2026-06-01T00:00:00.000Z');

INSERT INTO parcel (id, tenant_id, name, habitat_type, metric_ref, geom, area_ha, baseline_date) VALUES ('parcel-27', 'rb-natural-trust', 'Dartmoor Edge D1', 'Upland heathland', 'BM-parcel-27', ST_SetSRID(ST_GeomFromGeoJSON('{"type":"Polygon","coordinates":[[[-3.854358,50.572142],[-3.852142,50.572142],[-3.852142,50.574358000000004],[-3.854358,50.574358000000004],[-3.854358,50.572142]]]}'), 4326), 3.86, '2022-04-01');
INSERT INTO target (id, parcel_id, baseline_condition, target_condition, baseline_units, target_units, by_year) VALUES ('target-parcel-27', 'parcel-27', 'poor', 'good', 7.7, 23.2, 12);
INSERT INTO condition_point (parcel_id, metric, value, captured_at, source) VALUES
  ('parcel-27', 'condition_score', 0.99, '2022-04-01T00:00:00.000Z', 'eo'),
  ('parcel-27', 'condition_score', 1.05, '2022-07-01T07:30:00.000Z', 'eo'),
  ('parcel-27', 'condition_score', 1.11, '2022-09-30T15:00:00.000Z', 'eo'),
  ('parcel-27', 'condition_score', 1.17, '2022-12-30T22:30:00.000Z', 'eo'),
  ('parcel-27', 'condition_score', 1.22, '2023-04-01T06:00:00.000Z', 'eo'),
  ('parcel-27', 'condition_score', 1.26, '2023-07-01T13:30:00.000Z', 'eo'),
  ('parcel-27', 'condition_score', 1.29, '2023-09-30T21:00:00.000Z', 'eo'),
  ('parcel-27', 'condition_score', 1.32, '2023-12-31T04:30:00.000Z', 'eo'),
  ('parcel-27', 'condition_score', 1.34, '2024-03-31T12:00:00.000Z', 'eo'),
  ('parcel-27', 'condition_score', 1.36, '2024-06-30T19:30:00.000Z', 'eo'),
  ('parcel-27', 'condition_score', 1.39, '2024-09-30T03:00:00.000Z', 'eo'),
  ('parcel-27', 'condition_score', 1.42, '2024-12-30T10:30:00.000Z', 'eo'),
  ('parcel-27', 'condition_score', 1.46, '2025-03-31T18:00:00.000Z', 'eo'),
  ('parcel-27', 'condition_score', 1.51, '2025-07-01T01:30:00.000Z', 'eo'),
  ('parcel-27', 'condition_score', 1.57, '2025-09-30T09:00:00.000Z', 'eo'),
  ('parcel-27', 'condition_score', 1.63, '2025-12-30T16:30:00.000Z', 'eo'),
  ('parcel-27', 'condition_score', 1.69, '2026-04-01T00:00:00.000Z', 'eo');
INSERT INTO trajectory_flag (parcel_id, status, year, actual, required, gap, detected_at) VALUES ('parcel-27', 'on_track', 4, 1.69, 1.67, 0.02, '2026-06-01T00:00:00.000Z');

INSERT INTO parcel (id, tenant_id, name, habitat_type, metric_ref, geom, area_ha, baseline_date) VALUES ('parcel-28', 'rb-natural-trust', 'Dartmoor Edge A2', 'Blanket bog', 'BM-parcel-28', ST_SetSRID(ST_GeomFromGeoJSON('{"type":"Polygon","coordinates":[[[-3.8673627999999995,50.5771372],[-3.8661372,50.5771372],[-3.8661372,50.5783628],[-3.8673627999999995,50.5783628],[-3.8673627999999995,50.5771372]]]}'), 4326), 1.18, '2021-04-01');
INSERT INTO target (id, parcel_id, baseline_condition, target_condition, baseline_units, target_units, by_year) VALUES ('target-parcel-28', 'parcel-28', 'poor', 'good', 2.4, 7.1, 10);
INSERT INTO condition_point (parcel_id, metric, value, captured_at, source) VALUES
  ('parcel-28', 'condition_score', 0.96, '2021-04-01T00:00:00.000Z', 'eo'),
  ('parcel-28', 'condition_score', 1, '2021-07-01T07:30:00.000Z', 'eo'),
  ('parcel-28', 'condition_score', 1.04, '2021-09-30T15:00:00.000Z', 'eo'),
  ('parcel-28', 'condition_score', 1.1, '2021-12-30T22:30:00.000Z', 'eo'),
  ('parcel-28', 'condition_score', 1.16, '2022-04-01T06:00:00.000Z', 'eo'),
  ('parcel-28', 'condition_score', 1.23, '2022-07-01T13:30:00.000Z', 'eo'),
  ('parcel-28', 'condition_score', 1.29, '2022-09-30T21:00:00.000Z', 'eo'),
  ('parcel-28', 'condition_score', 1.36, '2022-12-31T04:30:00.000Z', 'eo'),
  ('parcel-28', 'condition_score', 1.41, '2023-04-01T12:00:00.000Z', 'eo'),
  ('parcel-28', 'condition_score', 1.46, '2023-07-01T19:30:00.000Z', 'eo'),
  ('parcel-28', 'condition_score', 1.5, '2023-10-01T03:00:00.000Z', 'eo'),
  ('parcel-28', 'condition_score', 1.53, '2023-12-31T10:30:00.000Z', 'eo'),
  ('parcel-28', 'condition_score', 1.56, '2024-03-31T18:00:00.000Z', 'eo'),
  ('parcel-28', 'condition_score', 1.59, '2024-07-01T01:30:00.000Z', 'eo'),
  ('parcel-28', 'condition_score', 1.61, '2024-09-30T09:00:00.000Z', 'eo'),
  ('parcel-28', 'condition_score', 1.64, '2024-12-30T16:30:00.000Z', 'eo'),
  ('parcel-28', 'condition_score', 1.68, '2025-04-01T00:00:00.000Z', 'eo'),
  ('parcel-28', 'condition_score', 1.73, '2025-07-01T07:30:00.000Z', 'eo'),
  ('parcel-28', 'condition_score', 1.79, '2025-09-30T15:00:00.000Z', 'eo'),
  ('parcel-28', 'condition_score', 1.85, '2025-12-30T22:30:00.000Z', 'eo'),
  ('parcel-28', 'condition_score', 1.92, '2026-04-01T06:00:00.000Z', 'eo');
INSERT INTO trajectory_flag (parcel_id, status, year, actual, required, gap, detected_at) VALUES ('parcel-28', 'on_track', 5, 1.92, 2, -0.08, '2026-06-01T00:00:00.000Z');

INSERT INTO parcel (id, tenant_id, name, habitat_type, metric_ref, geom, area_ha, baseline_date) VALUES ('parcel-29', 'rb-natural-trust', 'Dartmoor Edge B2', 'Native woodland', 'BM-parcel-29', ST_SetSRID(ST_GeomFromGeoJSON('{"type":"Polygon","coordinates":[[[-3.8631676,50.5768324],[-3.8613323999999998,50.5768324],[-3.8613323999999998,50.5786676],[-3.8631676,50.5786676],[-3.8631676,50.5768324]]]}'), 4326), 2.65, '2020-04-01');
INSERT INTO target (id, parcel_id, baseline_condition, target_condition, baseline_units, target_units, by_year) VALUES ('target-parcel-29', 'parcel-29', 'moderate', 'good', 10.6, 15.9, 15);
INSERT INTO condition_point (parcel_id, metric, value, captured_at, source) VALUES
  ('parcel-29', 'condition_score', 2.04, '2020-04-01T00:00:00.000Z', 'eo'),
  ('parcel-29', 'condition_score', 2.01, '2020-07-01T07:30:00.000Z', 'eo'),
  ('parcel-29', 'condition_score', 1.97, '2020-09-30T15:00:00.000Z', 'eo'),
  ('parcel-29', 'condition_score', 1.94, '2020-12-30T22:30:00.000Z', 'eo'),
  ('parcel-29', 'condition_score', 1.91, '2021-04-01T06:00:00.000Z', 'eo'),
  ('parcel-29', 'condition_score', 1.88, '2021-07-01T13:30:00.000Z', 'eo'),
  ('parcel-29', 'condition_score', 1.86, '2021-09-30T21:00:00.000Z', 'eo'),
  ('parcel-29', 'condition_score', 1.85, '2021-12-31T04:30:00.000Z', 'eo'),
  ('parcel-29', 'condition_score', 1.85, '2022-04-01T12:00:00.000Z', 'eo'),
  ('parcel-29', 'condition_score', 1.85, '2022-07-01T19:30:00.000Z', 'eo'),
  ('parcel-29', 'condition_score', 1.86, '2022-10-01T03:00:00.000Z', 'eo'),
  ('parcel-29', 'condition_score', 1.86, '2022-12-31T10:30:00.000Z', 'eo'),
  ('parcel-29', 'condition_score', 1.86, '2023-04-01T18:00:00.000Z', 'eo'),
  ('parcel-29', 'condition_score', 1.85, '2023-07-02T01:30:00.000Z', 'eo'),
  ('parcel-29', 'condition_score', 1.84, '2023-10-01T09:00:00.000Z', 'eo'),
  ('parcel-29', 'condition_score', 1.81, '2023-12-31T16:30:00.000Z', 'eo'),
  ('parcel-29', 'condition_score', 1.78, '2024-04-01T00:00:00.000Z', 'eo'),
  ('parcel-29', 'condition_score', 1.74, '2024-07-01T07:30:00.000Z', 'eo'),
  ('parcel-29', 'condition_score', 1.71, '2024-09-30T15:00:00.000Z', 'eo'),
  ('parcel-29', 'condition_score', 1.68, '2024-12-30T22:30:00.000Z', 'eo'),
  ('parcel-29', 'condition_score', 1.65, '2025-04-01T06:00:00.000Z', 'eo'),
  ('parcel-29', 'condition_score', 1.64, '2025-07-01T13:30:00.000Z', 'eo'),
  ('parcel-29', 'condition_score', 1.63, '2025-09-30T21:00:00.000Z', 'eo'),
  ('parcel-29', 'condition_score', 1.63, '2025-12-31T04:30:00.000Z', 'eo'),
  ('parcel-29', 'condition_score', 1.63, '2026-04-01T12:00:00.000Z', 'eo');
INSERT INTO trajectory_flag (parcel_id, status, year, actual, required, gap, detected_at) VALUES ('parcel-29', 'at_risk', 6, 1.63, 2.4, -0.77, '2026-06-01T00:00:00.000Z');
INSERT INTO survey_task (parcel_id, reason, status, created_at) VALUES ('parcel-29', 'EO trajectory at risk: moderate vs required moderate (gap -0.77)', 'open', '2026-06-01T00:00:00.000Z');

INSERT INTO parcel (id, tenant_id, name, habitat_type, metric_ref, geom, area_ha, baseline_date) VALUES ('parcel-30', 'rb-natural-trust', 'Dartmoor Edge C2', 'Upland heathland', 'BM-parcel-30', ST_SetSRID(ST_GeomFromGeoJSON('{"type":"Polygon","coordinates":[[[-3.8584772,50.5770228],[-3.8570227999999998,50.5770228],[-3.8570227999999998,50.5784772],[-3.8584772,50.5784772],[-3.8584772,50.5770228]]]}'), 4326), 1.66, '2019-04-01');
INSERT INTO target (id, parcel_id, baseline_condition, target_condition, baseline_units, target_units, by_year) VALUES ('target-parcel-30', 'parcel-30', 'poor', 'good', 3.3, 10, 12);
INSERT INTO condition_point (parcel_id, metric, value, captured_at, source) VALUES
  ('parcel-30', 'condition_score', 1.04, '2019-04-01T00:00:00.000Z', 'eo'),
  ('parcel-30', 'condition_score', 1.07, '2019-07-01T07:30:00.000Z', 'eo'),
  ('parcel-30', 'condition_score', 1.09, '2019-09-30T15:00:00.000Z', 'eo'),
  ('parcel-30', 'condition_score', 1.12, '2019-12-30T22:30:00.000Z', 'eo'),
  ('parcel-30', 'condition_score', 1.14, '2020-03-31T06:00:00.000Z', 'eo'),
  ('parcel-30', 'condition_score', 1.17, '2020-06-30T13:30:00.000Z', 'eo'),
  ('parcel-30', 'condition_score', 1.21, '2020-09-29T21:00:00.000Z', 'eo'),
  ('parcel-30', 'condition_score', 1.25, '2020-12-30T04:30:00.000Z', 'eo'),
  ('parcel-30', 'condition_score', 1.31, '2021-03-31T12:00:00.000Z', 'eo'),
  ('parcel-30', 'condition_score', 1.37, '2021-06-30T19:30:00.000Z', 'eo'),
  ('parcel-30', 'condition_score', 1.43, '2021-09-30T03:00:00.000Z', 'eo'),
  ('parcel-30', 'condition_score', 1.49, '2021-12-30T10:30:00.000Z', 'eo'),
  ('parcel-30', 'condition_score', 1.55, '2022-03-31T18:00:00.000Z', 'eo'),
  ('parcel-30', 'condition_score', 1.6, '2022-07-01T01:30:00.000Z', 'eo'),
  ('parcel-30', 'condition_score', 1.64, '2022-09-30T09:00:00.000Z', 'eo'),
  ('parcel-30', 'condition_score', 1.68, '2022-12-30T16:30:00.000Z', 'eo'),
  ('parcel-30', 'condition_score', 1.7, '2023-04-01T00:00:00.000Z', 'eo'),
  ('parcel-30', 'condition_score', 1.73, '2023-07-01T07:30:00.000Z', 'eo'),
  ('parcel-30', 'condition_score', 1.75, '2023-09-30T15:00:00.000Z', 'eo'),
  ('parcel-30', 'condition_score', 1.77, '2023-12-30T22:30:00.000Z', 'eo'),
  ('parcel-30', 'condition_score', 1.8, '2024-03-31T06:00:00.000Z', 'eo'),
  ('parcel-30', 'condition_score', 1.84, '2024-06-30T13:30:00.000Z', 'eo'),
  ('parcel-30', 'condition_score', 1.89, '2024-09-29T21:00:00.000Z', 'eo'),
  ('parcel-30', 'condition_score', 1.95, '2024-12-30T04:30:00.000Z', 'eo'),
  ('parcel-30', 'condition_score', 2.01, '2025-03-31T12:00:00.000Z', 'eo'),
  ('parcel-30', 'condition_score', 2.07, '2025-06-30T19:30:00.000Z', 'eo'),
  ('parcel-30', 'condition_score', 2.13, '2025-09-30T03:00:00.000Z', 'eo'),
  ('parcel-30', 'condition_score', 2.19, '2025-12-30T10:30:00.000Z', 'eo'),
  ('parcel-30', 'condition_score', 2.24, '2026-03-31T18:00:00.000Z', 'eo');
INSERT INTO trajectory_flag (parcel_id, status, year, actual, required, gap, detected_at) VALUES ('parcel-30', 'on_track', 7, 2.24, 2.17, 0.07, '2026-06-01T00:00:00.000Z');

INSERT INTO parcel (id, tenant_id, name, habitat_type, metric_ref, geom, area_ha, baseline_date) VALUES ('parcel-31', 'rb-natural-trust', 'Dartmoor Edge D2', 'Blanket bog', 'BM-parcel-31', ST_SetSRID(ST_GeomFromGeoJSON('{"type":"Polygon","coordinates":[[[-3.8544724,50.5765276],[-3.8520276,50.5765276],[-3.8520276,50.578972400000005],[-3.8544724,50.578972400000005],[-3.8544724,50.5765276]]]}'), 4326), 4.7, '2018-04-01');
INSERT INTO target (id, parcel_id, baseline_condition, target_condition, baseline_units, target_units, by_year) VALUES ('target-parcel-31', 'parcel-31', 'good', 'good', 28.2, 28.2, 5);
INSERT INTO condition_point (parcel_id, metric, value, captured_at, source) VALUES
  ('parcel-31', 'condition_score', 2.96, '2018-04-01T00:00:00.000Z', 'eo'),
  ('parcel-31', 'condition_score', 2.98, '2018-07-01T07:30:00.000Z', 'eo'),
  ('parcel-31', 'condition_score', 3, '2018-09-30T15:00:00.000Z', 'eo'),
  ('parcel-31', 'condition_score', 3, '2018-12-30T22:30:00.000Z', 'eo'),
  ('parcel-31', 'condition_score', 3, '2019-04-01T06:00:00.000Z', 'eo'),
  ('parcel-31', 'condition_score', 2.98, '2019-07-01T13:30:00.000Z', 'eo'),
  ('parcel-31', 'condition_score', 2.96, '2019-09-30T21:00:00.000Z', 'eo'),
  ('parcel-31', 'condition_score', 2.94, '2019-12-31T04:30:00.000Z', 'eo'),
  ('parcel-31', 'condition_score', 2.92, '2020-03-31T12:00:00.000Z', 'eo'),
  ('parcel-31', 'condition_score', 2.91, '2020-06-30T19:30:00.000Z', 'eo'),
  ('parcel-31', 'condition_score', 2.9, '2020-09-30T03:00:00.000Z', 'eo'),
  ('parcel-31', 'condition_score', 2.9, '2020-12-30T10:30:00.000Z', 'eo'),
  ('parcel-31', 'condition_score', 2.91, '2021-03-31T18:00:00.000Z', 'eo'),
  ('parcel-31', 'condition_score', 2.93, '2021-07-01T01:30:00.000Z', 'eo'),
  ('parcel-31', 'condition_score', 2.95, '2021-09-30T09:00:00.000Z', 'eo'),
  ('parcel-31', 'condition_score', 2.97, '2021-12-30T16:30:00.000Z', 'eo'),
  ('parcel-31', 'condition_score', 2.99, '2022-04-01T00:00:00.000Z', 'eo'),
  ('parcel-31', 'condition_score', 3, '2022-07-01T07:30:00.000Z', 'eo'),
  ('parcel-31', 'condition_score', 3, '2022-09-30T15:00:00.000Z', 'eo'),
  ('parcel-31', 'condition_score', 2.99, '2022-12-30T22:30:00.000Z', 'eo'),
  ('parcel-31', 'condition_score', 2.98, '2023-04-01T06:00:00.000Z', 'eo'),
  ('parcel-31', 'condition_score', 2.96, '2023-07-01T13:30:00.000Z', 'eo'),
  ('parcel-31', 'condition_score', 2.94, '2023-09-30T21:00:00.000Z', 'eo'),
  ('parcel-31', 'condition_score', 2.92, '2023-12-31T04:30:00.000Z', 'eo'),
  ('parcel-31', 'condition_score', 2.91, '2024-03-31T12:00:00.000Z', 'eo'),
  ('parcel-31', 'condition_score', 2.9, '2024-06-30T19:30:00.000Z', 'eo'),
  ('parcel-31', 'condition_score', 2.9, '2024-09-30T03:00:00.000Z', 'eo'),
  ('parcel-31', 'condition_score', 2.91, '2024-12-30T10:30:00.000Z', 'eo'),
  ('parcel-31', 'condition_score', 2.93, '2025-03-31T18:00:00.000Z', 'eo'),
  ('parcel-31', 'condition_score', 2.95, '2025-07-01T01:30:00.000Z', 'eo'),
  ('parcel-31', 'condition_score', 2.97, '2025-09-30T09:00:00.000Z', 'eo'),
  ('parcel-31', 'condition_score', 2.99, '2025-12-30T16:30:00.000Z', 'eo'),
  ('parcel-31', 'condition_score', 3, '2026-04-01T00:00:00.000Z', 'eo');
INSERT INTO trajectory_flag (parcel_id, status, year, actual, required, gap, detected_at) VALUES ('parcel-31', 'on_track', 8, 3, 3, 0, '2026-06-01T00:00:00.000Z');

INSERT INTO parcel (id, tenant_id, name, habitat_type, metric_ref, geom, area_ha, baseline_date) VALUES ('parcel-32', 'rb-natural-trust', 'Broadland Margins A1', 'Fen meadow', 'BM-parcel-32', ST_SetSRID(ST_GeomFromGeoJSON('{"type":"Polygon","coordinates":[[[1.4823324,52.6523324],[1.4841676,52.6523324],[1.4841676,52.6541676],[1.4823324,52.6541676],[1.4823324,52.6523324]]]}'), 4326), 2.53, '2025-04-01');
INSERT INTO target (id, parcel_id, baseline_condition, target_condition, baseline_units, target_units, by_year) VALUES ('target-parcel-32', 'parcel-32', 'moderate', 'good', 10.1, 15.2, 15);
INSERT INTO condition_point (parcel_id, metric, value, captured_at, source) VALUES
  ('parcel-32', 'condition_score', 2.04, '2025-04-01T00:00:00.000Z', 'eo'),
  ('parcel-32', 'condition_score', 2.01, '2025-07-01T07:30:00.000Z', 'eo'),
  ('parcel-32', 'condition_score', 1.97, '2025-09-30T15:00:00.000Z', 'eo'),
  ('parcel-32', 'condition_score', 1.94, '2025-12-30T22:30:00.000Z', 'eo'),
  ('parcel-32', 'condition_score', 1.91, '2026-04-01T06:00:00.000Z', 'eo');
INSERT INTO trajectory_flag (parcel_id, status, year, actual, required, gap, detected_at) VALUES ('parcel-32', 'on_track', 1, 1.91, 2.07, -0.16, '2026-06-01T00:00:00.000Z');

INSERT INTO parcel (id, tenant_id, name, habitat_type, metric_ref, geom, area_ha, baseline_date) VALUES ('parcel-33', 'rb-natural-trust', 'Broadland Margins B1', 'Grazing marsh', 'BM-parcel-33', ST_SetSRID(ST_GeomFromGeoJSON('{"type":"Polygon","coordinates":[[[1.4871371999999998,52.6526372],[1.4883628,52.6526372],[1.4883628,52.6538628],[1.4871371999999998,52.6538628],[1.4871371999999998,52.6526372]]]}'), 4326), 1.13, '2024-04-01');
INSERT INTO target (id, parcel_id, baseline_condition, target_condition, baseline_units, target_units, by_year) VALUES ('target-parcel-33', 'parcel-33', 'poor', 'good', 2.3, 6.8, 10);
INSERT INTO condition_point (parcel_id, metric, value, captured_at, source) VALUES
  ('parcel-33', 'condition_score', 0.96, '2024-04-01T00:00:00.000Z', 'eo'),
  ('parcel-33', 'condition_score', 1, '2024-07-01T07:30:00.000Z', 'eo'),
  ('parcel-33', 'condition_score', 1.04, '2024-09-30T15:00:00.000Z', 'eo'),
  ('parcel-33', 'condition_score', 1.1, '2024-12-30T22:30:00.000Z', 'eo'),
  ('parcel-33', 'condition_score', 1.16, '2025-04-01T06:00:00.000Z', 'eo'),
  ('parcel-33', 'condition_score', 1.23, '2025-07-01T13:30:00.000Z', 'eo'),
  ('parcel-33', 'condition_score', 1.29, '2025-09-30T21:00:00.000Z', 'eo'),
  ('parcel-33', 'condition_score', 1.36, '2025-12-31T04:30:00.000Z', 'eo'),
  ('parcel-33', 'condition_score', 1.41, '2026-04-01T12:00:00.000Z', 'eo');
INSERT INTO trajectory_flag (parcel_id, status, year, actual, required, gap, detected_at) VALUES ('parcel-33', 'on_track', 2, 1.41, 1.4, 0.01, '2026-06-01T00:00:00.000Z');

INSERT INTO parcel (id, tenant_id, name, habitat_type, metric_ref, geom, area_ha, baseline_date) VALUES ('parcel-34', 'rb-natural-trust', 'Broadland Margins C1', 'Reedbed', 'BM-parcel-34', ST_SetSRID(ST_GeomFromGeoJSON('{"type":"Polygon","coordinates":[[[1.4911036,52.6521036],[1.4933964000000002,52.6521036],[1.4933964000000002,52.6543964],[1.4911036,52.6543964],[1.4911036,52.6521036]]]}'), 4326), 3.95, '2023-04-01');
INSERT INTO target (id, parcel_id, baseline_condition, target_condition, baseline_units, target_units, by_year) VALUES ('target-parcel-34', 'parcel-34', 'poor', 'good', 7.9, 23.7, 12);
INSERT INTO condition_point (parcel_id, metric, value, captured_at, source) VALUES
  ('parcel-34', 'condition_score', 1.04, '2023-04-01T00:00:00.000Z', 'eo'),
  ('parcel-34', 'condition_score', 1.09, '2023-07-01T07:30:00.000Z', 'eo'),
  ('parcel-34', 'condition_score', 1.13, '2023-09-30T15:00:00.000Z', 'eo'),
  ('parcel-34', 'condition_score', 1.17, '2023-12-30T22:30:00.000Z', 'eo'),
  ('parcel-34', 'condition_score', 1.2, '2024-03-31T06:00:00.000Z', 'eo'),
  ('parcel-34', 'condition_score', 1.22, '2024-06-30T13:30:00.000Z', 'eo'),
  ('parcel-34', 'condition_score', 1.24, '2024-09-29T21:00:00.000Z', 'eo'),
  ('parcel-34', 'condition_score', 1.27, '2024-12-30T04:30:00.000Z', 'eo'),
  ('parcel-34', 'condition_score', 1.3, '2025-03-31T12:00:00.000Z', 'eo'),
  ('parcel-34', 'condition_score', 1.33, '2025-06-30T19:30:00.000Z', 'eo'),
  ('parcel-34', 'condition_score', 1.38, '2025-09-30T03:00:00.000Z', 'eo'),
  ('parcel-34', 'condition_score', 1.43, '2025-12-30T10:30:00.000Z', 'eo'),
  ('parcel-34', 'condition_score', 1.49, '2026-03-31T18:00:00.000Z', 'eo');
INSERT INTO trajectory_flag (parcel_id, status, year, actual, required, gap, detected_at) VALUES ('parcel-34', 'on_track', 3, 1.49, 1.5, -0.01, '2026-06-01T00:00:00.000Z');

INSERT INTO parcel (id, tenant_id, name, habitat_type, metric_ref, geom, area_ha, baseline_date) VALUES ('parcel-35', 'rb-natural-trust', 'Broadland Margins D1', 'Fen meadow', 'BM-parcel-35', ST_SetSRID(ST_GeomFromGeoJSON('{"type":"Polygon","coordinates":[[[1.4959084,52.6524084],[1.4975916,52.6524084],[1.4975916,52.6540916],[1.4959084,52.6540916],[1.4959084,52.6524084]]]}'), 4326), 2.13, '2022-04-01');
INSERT INTO target (id, parcel_id, baseline_condition, target_condition, baseline_units, target_units, by_year) VALUES ('target-parcel-35', 'parcel-35', 'good', 'good', 12.8, 12.8, 5);
INSERT INTO condition_point (parcel_id, metric, value, captured_at, source) VALUES
  ('parcel-35', 'condition_score', 2.97, '2022-04-01T00:00:00.000Z', 'eo'),
  ('parcel-35', 'condition_score', 2.95, '2022-07-01T07:30:00.000Z', 'eo'),
  ('parcel-35', 'condition_score', 2.93, '2022-09-30T15:00:00.000Z', 'eo'),
  ('parcel-35', 'condition_score', 2.91, '2022-12-30T22:30:00.000Z', 'eo'),
  ('parcel-35', 'condition_score', 2.9, '2023-04-01T06:00:00.000Z', 'eo'),
  ('parcel-35', 'condition_score', 2.9, '2023-07-01T13:30:00.000Z', 'eo'),
  ('parcel-35', 'condition_score', 2.91, '2023-09-30T21:00:00.000Z', 'eo'),
  ('parcel-35', 'condition_score', 2.92, '2023-12-31T04:30:00.000Z', 'eo'),
  ('parcel-35', 'condition_score', 2.94, '2024-03-31T12:00:00.000Z', 'eo'),
  ('parcel-35', 'condition_score', 2.96, '2024-06-30T19:30:00.000Z', 'eo'),
  ('parcel-35', 'condition_score', 2.98, '2024-09-30T03:00:00.000Z', 'eo'),
  ('parcel-35', 'condition_score', 2.99, '2024-12-30T10:30:00.000Z', 'eo'),
  ('parcel-35', 'condition_score', 3, '2025-03-31T18:00:00.000Z', 'eo'),
  ('parcel-35', 'condition_score', 3, '2025-07-01T01:30:00.000Z', 'eo'),
  ('parcel-35', 'condition_score', 2.98, '2025-09-30T09:00:00.000Z', 'eo'),
  ('parcel-35', 'condition_score', 2.97, '2025-12-30T16:30:00.000Z', 'eo'),
  ('parcel-35', 'condition_score', 2.95, '2026-04-01T00:00:00.000Z', 'eo');
INSERT INTO trajectory_flag (parcel_id, status, year, actual, required, gap, detected_at) VALUES ('parcel-35', 'on_track', 4, 2.95, 3, -0.05, '2026-06-01T00:00:00.000Z');

INSERT INTO parcel (id, tenant_id, name, habitat_type, metric_ref, geom, area_ha, baseline_date) VALUES ('parcel-36', 'rb-natural-trust', 'Broadland Margins A2', 'Grazing marsh', 'BM-parcel-36', ST_SetSRID(ST_GeomFromGeoJSON('{"type":"Polygon","coordinates":[[[1.4827132,52.6572132],[1.4837867999999999,52.6572132],[1.4837867999999999,52.6582868],[1.4827132,52.6582868],[1.4827132,52.6572132]]]}'), 4326), 0.87, '2021-04-01');
INSERT INTO target (id, parcel_id, baseline_condition, target_condition, baseline_units, target_units, by_year) VALUES ('target-parcel-36', 'parcel-36', 'moderate', 'good', 3.5, 5.2, 15);
INSERT INTO condition_point (parcel_id, metric, value, captured_at, source) VALUES
  ('parcel-36', 'condition_score', 1.95, '2021-04-01T00:00:00.000Z', 'eo'),
  ('parcel-36', 'condition_score', 1.94, '2021-07-01T07:30:00.000Z', 'eo'),
  ('parcel-36', 'condition_score', 1.93, '2021-09-30T15:00:00.000Z', 'eo'),
  ('parcel-36', 'condition_score', 1.94, '2021-12-30T22:30:00.000Z', 'eo'),
  ('parcel-36', 'condition_score', 1.94, '2022-04-01T06:00:00.000Z', 'eo'),
  ('parcel-36', 'condition_score', 1.95, '2022-07-01T13:30:00.000Z', 'eo'),
  ('parcel-36', 'condition_score', 1.95, '2022-09-30T21:00:00.000Z', 'eo'),
  ('parcel-36', 'condition_score', 1.94, '2022-12-31T04:30:00.000Z', 'eo'),
  ('parcel-36', 'condition_score', 1.93, '2023-04-01T12:00:00.000Z', 'eo'),
  ('parcel-36', 'condition_score', 1.91, '2023-07-01T19:30:00.000Z', 'eo'),
  ('parcel-36', 'condition_score', 1.88, '2023-10-01T03:00:00.000Z', 'eo'),
  ('parcel-36', 'condition_score', 1.84, '2023-12-31T10:30:00.000Z', 'eo'),
  ('parcel-36', 'condition_score', 1.81, '2024-03-31T18:00:00.000Z', 'eo'),
  ('parcel-36', 'condition_score', 1.77, '2024-07-01T01:30:00.000Z', 'eo'),
  ('parcel-36', 'condition_score', 1.74, '2024-09-30T09:00:00.000Z', 'eo'),
  ('parcel-36', 'condition_score', 1.73, '2024-12-30T16:30:00.000Z', 'eo'),
  ('parcel-36', 'condition_score', 1.71, '2025-04-01T00:00:00.000Z', 'eo'),
  ('parcel-36', 'condition_score', 1.71, '2025-07-01T07:30:00.000Z', 'eo'),
  ('parcel-36', 'condition_score', 1.71, '2025-09-30T15:00:00.000Z', 'eo'),
  ('parcel-36', 'condition_score', 1.72, '2025-12-30T22:30:00.000Z', 'eo'),
  ('parcel-36', 'condition_score', 1.73, '2026-04-01T06:00:00.000Z', 'eo');
INSERT INTO trajectory_flag (parcel_id, status, year, actual, required, gap, detected_at) VALUES ('parcel-36', 'at_risk', 5, 1.73, 2.33, -0.61, '2026-06-01T00:00:00.000Z');
INSERT INTO survey_task (parcel_id, reason, status, created_at) VALUES ('parcel-36', 'EO trajectory at risk: moderate vs required moderate (gap -0.61)', 'open', '2026-06-01T00:00:00.000Z');

INSERT INTO parcel (id, tenant_id, name, habitat_type, metric_ref, geom, area_ha, baseline_date) VALUES ('parcel-37', 'rb-natural-trust', 'Broadland Margins B2', 'Reedbed', 'BM-parcel-37', ST_SetSRID(ST_GeomFromGeoJSON('{"type":"Polygon","coordinates":[[[1.486718,52.656718],[1.4887819999999998,52.656718],[1.4887819999999998,52.658782],[1.486718,52.658782],[1.486718,52.656718]]]}'), 4326), 3.2, '2020-04-01');
INSERT INTO target (id, parcel_id, baseline_condition, target_condition, baseline_units, target_units, by_year) VALUES ('target-parcel-37', 'parcel-37', 'poor', 'good', 6.4, 19.2, 10);
INSERT INTO condition_point (parcel_id, metric, value, captured_at, source) VALUES
  ('parcel-37', 'condition_score', 1.01, '2020-04-01T00:00:00.000Z', 'eo'),
  ('parcel-37', 'condition_score', 1.08, '2020-07-01T07:30:00.000Z', 'eo'),
  ('parcel-37', 'condition_score', 1.14, '2020-09-30T15:00:00.000Z', 'eo'),
  ('parcel-37', 'condition_score', 1.19, '2020-12-30T22:30:00.000Z', 'eo'),
  ('parcel-37', 'condition_score', 1.23, '2021-04-01T06:00:00.000Z', 'eo'),
  ('parcel-37', 'condition_score', 1.27, '2021-07-01T13:30:00.000Z', 'eo'),
  ('parcel-37', 'condition_score', 1.29, '2021-09-30T21:00:00.000Z', 'eo'),
  ('parcel-37', 'condition_score', 1.32, '2021-12-31T04:30:00.000Z', 'eo'),
  ('parcel-37', 'condition_score', 1.34, '2022-04-01T12:00:00.000Z', 'eo'),
  ('parcel-37', 'condition_score', 1.37, '2022-07-01T19:30:00.000Z', 'eo'),
  ('parcel-37', 'condition_score', 1.41, '2022-10-01T03:00:00.000Z', 'eo'),
  ('parcel-37', 'condition_score', 1.45, '2022-12-31T10:30:00.000Z', 'eo'),
  ('parcel-37', 'condition_score', 1.51, '2023-04-01T18:00:00.000Z', 'eo'),
  ('parcel-37', 'condition_score', 1.57, '2023-07-02T01:30:00.000Z', 'eo'),
  ('parcel-37', 'condition_score', 1.64, '2023-10-01T09:00:00.000Z', 'eo'),
  ('parcel-37', 'condition_score', 1.7, '2023-12-31T16:30:00.000Z', 'eo'),
  ('parcel-37', 'condition_score', 1.77, '2024-04-01T00:00:00.000Z', 'eo'),
  ('parcel-37', 'condition_score', 1.82, '2024-07-01T07:30:00.000Z', 'eo'),
  ('parcel-37', 'condition_score', 1.87, '2024-09-30T15:00:00.000Z', 'eo'),
  ('parcel-37', 'condition_score', 1.92, '2024-12-30T22:30:00.000Z', 'eo'),
  ('parcel-37', 'condition_score', 1.95, '2025-04-01T06:00:00.000Z', 'eo'),
  ('parcel-37', 'condition_score', 1.98, '2025-07-01T13:30:00.000Z', 'eo'),
  ('parcel-37', 'condition_score', 2, '2025-09-30T21:00:00.000Z', 'eo'),
  ('parcel-37', 'condition_score', 2.03, '2025-12-31T04:30:00.000Z', 'eo'),
  ('parcel-37', 'condition_score', 2.06, '2026-04-01T12:00:00.000Z', 'eo');
INSERT INTO trajectory_flag (parcel_id, status, year, actual, required, gap, detected_at) VALUES ('parcel-37', 'on_track', 6, 2.06, 2.2, -0.14, '2026-06-01T00:00:00.000Z');

INSERT INTO parcel (id, tenant_id, name, habitat_type, metric_ref, geom, area_ha, baseline_date) VALUES ('parcel-38', 'rb-natural-trust', 'Broadland Margins C2', 'Fen meadow', 'BM-parcel-38', ST_SetSRID(ST_GeomFromGeoJSON('{"type":"Polygon","coordinates":[[[1.4914844,52.6569844],[1.4930156,52.6569844],[1.4930156,52.6585156],[1.4914844,52.6585156],[1.4914844,52.6569844]]]}'), 4326), 1.76, '2019-04-01');
INSERT INTO target (id, parcel_id, baseline_condition, target_condition, baseline_units, target_units, by_year) VALUES ('target-parcel-38', 'parcel-38', 'poor', 'good', 3.5, 10.6, 12);
INSERT INTO condition_point (parcel_id, metric, value, captured_at, source) VALUES
  ('parcel-38', 'condition_score', 1, '2019-04-01T00:00:00.000Z', 'eo'),
  ('parcel-38', 'condition_score', 1.02, '2019-07-01T07:30:00.000Z', 'eo'),
  ('parcel-38', 'condition_score', 1.05, '2019-09-30T15:00:00.000Z', 'eo'),
  ('parcel-38', 'condition_score', 1.08, '2019-12-30T22:30:00.000Z', 'eo'),
  ('parcel-38', 'condition_score', 1.12, '2020-03-31T06:00:00.000Z', 'eo'),
  ('parcel-38', 'condition_score', 1.17, '2020-06-30T13:30:00.000Z', 'eo'),
  ('parcel-38', 'condition_score', 1.23, '2020-09-29T21:00:00.000Z', 'eo'),
  ('parcel-38', 'condition_score', 1.29, '2020-12-30T04:30:00.000Z', 'eo'),
  ('parcel-38', 'condition_score', 1.36, '2021-03-31T12:00:00.000Z', 'eo'),
  ('parcel-38', 'condition_score', 1.42, '2021-06-30T19:30:00.000Z', 'eo'),
  ('parcel-38', 'condition_score', 1.47, '2021-09-30T03:00:00.000Z', 'eo'),
  ('parcel-38', 'condition_score', 1.52, '2021-12-30T10:30:00.000Z', 'eo'),
  ('parcel-38', 'condition_score', 1.56, '2022-03-31T18:00:00.000Z', 'eo'),
  ('parcel-38', 'condition_score', 1.58, '2022-07-01T01:30:00.000Z', 'eo'),
  ('parcel-38', 'condition_score', 1.61, '2022-09-30T09:00:00.000Z', 'eo'),
  ('parcel-38', 'condition_score', 1.63, '2022-12-30T16:30:00.000Z', 'eo'),
  ('parcel-38', 'condition_score', 1.65, '2023-04-01T00:00:00.000Z', 'eo'),
  ('parcel-38', 'condition_score', 1.68, '2023-07-01T07:30:00.000Z', 'eo'),
  ('parcel-38', 'condition_score', 1.72, '2023-09-30T15:00:00.000Z', 'eo'),
  ('parcel-38', 'condition_score', 1.76, '2023-12-30T22:30:00.000Z', 'eo'),
  ('parcel-38', 'condition_score', 1.81, '2024-03-31T06:00:00.000Z', 'eo'),
  ('parcel-38', 'condition_score', 1.87, '2024-06-30T13:30:00.000Z', 'eo'),
  ('parcel-38', 'condition_score', 1.93, '2024-09-29T21:00:00.000Z', 'eo'),
  ('parcel-38', 'condition_score', 2, '2024-12-30T04:30:00.000Z', 'eo'),
  ('parcel-38', 'condition_score', 2.06, '2025-03-31T12:00:00.000Z', 'eo'),
  ('parcel-38', 'condition_score', 2.11, '2025-06-30T19:30:00.000Z', 'eo'),
  ('parcel-38', 'condition_score', 2.15, '2025-09-30T03:00:00.000Z', 'eo'),
  ('parcel-38', 'condition_score', 2.19, '2025-12-30T10:30:00.000Z', 'eo'),
  ('parcel-38', 'condition_score', 2.22, '2026-03-31T18:00:00.000Z', 'eo');
INSERT INTO trajectory_flag (parcel_id, status, year, actual, required, gap, detected_at) VALUES ('parcel-38', 'on_track', 7, 2.22, 2.17, 0.05, '2026-06-01T00:00:00.000Z');

INSERT INTO parcel (id, tenant_id, name, habitat_type, metric_ref, geom, area_ha, baseline_date) VALUES ('parcel-39', 'rb-natural-trust', 'Broadland Margins D2', 'Grazing marsh', 'BM-parcel-39', ST_SetSRID(ST_GeomFromGeoJSON('{"type":"Polygon","coordinates":[[[1.4954892,52.6564892],[1.4980108,52.6564892],[1.4980108,52.6590108],[1.4954892,52.6590108],[1.4954892,52.6564892]]]}'), 4326), 4.78, '2018-04-01');
INSERT INTO target (id, parcel_id, baseline_condition, target_condition, baseline_units, target_units, by_year) VALUES ('target-parcel-39', 'parcel-39', 'good', 'good', 28.7, 28.7, 5);
INSERT INTO condition_point (parcel_id, metric, value, captured_at, source) VALUES
  ('parcel-39', 'condition_score', 2.9, '2018-04-01T00:00:00.000Z', 'eo'),
  ('parcel-39', 'condition_score', 2.92, '2018-07-01T07:30:00.000Z', 'eo'),
  ('parcel-39', 'condition_score', 2.93, '2018-09-30T15:00:00.000Z', 'eo'),
  ('parcel-39', 'condition_score', 2.95, '2018-12-30T22:30:00.000Z', 'eo'),
  ('parcel-39', 'condition_score', 2.97, '2019-04-01T06:00:00.000Z', 'eo'),
  ('parcel-39', 'condition_score', 2.99, '2019-07-01T13:30:00.000Z', 'eo'),
  ('parcel-39', 'condition_score', 3, '2019-09-30T21:00:00.000Z', 'eo'),
  ('parcel-39', 'condition_score', 3, '2019-12-31T04:30:00.000Z', 'eo'),
  ('parcel-39', 'condition_score', 2.99, '2020-03-31T12:00:00.000Z', 'eo'),
  ('parcel-39', 'condition_score', 2.97, '2020-06-30T19:30:00.000Z', 'eo'),
  ('parcel-39', 'condition_score', 2.95, '2020-09-30T03:00:00.000Z', 'eo'),
  ('parcel-39', 'condition_score', 2.93, '2020-12-30T10:30:00.000Z', 'eo'),
  ('parcel-39', 'condition_score', 2.92, '2021-03-31T18:00:00.000Z', 'eo'),
  ('parcel-39', 'condition_score', 2.9, '2021-07-01T01:30:00.000Z', 'eo'),
  ('parcel-39', 'condition_score', 2.9, '2021-09-30T09:00:00.000Z', 'eo'),
  ('parcel-39', 'condition_score', 2.91, '2021-12-30T16:30:00.000Z', 'eo'),
  ('parcel-39', 'condition_score', 2.92, '2022-04-01T00:00:00.000Z', 'eo'),
  ('parcel-39', 'condition_score', 2.94, '2022-07-01T07:30:00.000Z', 'eo'),
  ('parcel-39', 'condition_score', 2.96, '2022-09-30T15:00:00.000Z', 'eo'),
  ('parcel-39', 'condition_score', 2.98, '2022-12-30T22:30:00.000Z', 'eo'),
  ('parcel-39', 'condition_score', 2.99, '2023-04-01T06:00:00.000Z', 'eo'),
  ('parcel-39', 'condition_score', 3, '2023-07-01T13:30:00.000Z', 'eo'),
  ('parcel-39', 'condition_score', 3, '2023-09-30T21:00:00.000Z', 'eo'),
  ('parcel-39', 'condition_score', 2.99, '2023-12-31T04:30:00.000Z', 'eo'),
  ('parcel-39', 'condition_score', 2.97, '2024-03-31T12:00:00.000Z', 'eo'),
  ('parcel-39', 'condition_score', 2.95, '2024-06-30T19:30:00.000Z', 'eo'),
  ('parcel-39', 'condition_score', 2.93, '2024-09-30T03:00:00.000Z', 'eo'),
  ('parcel-39', 'condition_score', 2.91, '2024-12-30T10:30:00.000Z', 'eo'),
  ('parcel-39', 'condition_score', 2.9, '2025-03-31T18:00:00.000Z', 'eo'),
  ('parcel-39', 'condition_score', 2.9, '2025-07-01T01:30:00.000Z', 'eo'),
  ('parcel-39', 'condition_score', 2.91, '2025-09-30T09:00:00.000Z', 'eo'),
  ('parcel-39', 'condition_score', 2.92, '2025-12-30T16:30:00.000Z', 'eo'),
  ('parcel-39', 'condition_score', 2.94, '2026-04-01T00:00:00.000Z', 'eo');
INSERT INTO trajectory_flag (parcel_id, status, year, actual, required, gap, detected_at) VALUES ('parcel-39', 'on_track', 8, 2.94, 3, -0.06, '2026-06-01T00:00:00.000Z');

COMMIT;

-- Summary: 40 parcels, 760 condition points, 7 at-risk (open survey tasks).
